titles,category
인증 밀양 깻잎에 대해 솔직한 리뷰를 남겨보려고 합니다 처음 배송이 도착했을 때는 깻잎 거의 전체가 검게 변색되어 있어 다소 실망스러웠습니다 배송 중 낮은 온도에서 눌려 있었던 것으로 보였고 이로 인해 상품으로서의 가치를 거의 잃은 상태였습니다 바로 쿠팡 고객센터에 문의를 드렸고 다행히 교환 요청을 수락해 주셨습니다 특히 교환 과정이 신속하고 원활하여 그날 바로 새 상품을 보내주셔서 만족스러웠습니다 를 처음보시는 분들은 생소하겠지만 저는 아이가 있어서 대부분 인증 제품을 찾게됩니다 우선 인증이란 농산물의 생산 수확 포장 판매 전 과정에서 농약 중금속 미생물 등의 유해 요소를 철저히 관리하는 제도입니다 인증을 받은 농산물은 더욱 안전하고 건강한 먹거리임을 보증하기 때문에 소비자로서 믿고 구매할 수 있는 점이 큰 장점입니다 이번에 새로 받은 밀양 깻잎은 인증을 받은 제품답게 신선하고 깔끔한 상태로 배송되었습니다 깻잎 특유의 진한 향이 풍부하며 식감도 부드러워 매우 만족스러웠습니다 깻잎은 특히 항산화 작용이 뛰어나며 비타민 가 풍부해 면역력 강화에도 도움을 주는 훌륭한 식재료입니다 또한 철분이 풍부해 빈혈 예방에도 좋다는 점에서 건강을 생각하시는 분들에게 추천드립니다 깻잎은 다양한 요리에 활용할 수 있어 활용도가 높습니다 고기나 생선과 함께 쌈 채소로 먹는 것은 물론이고 깻잎 장아찌 깻잎 무침 깻잎 전 등으로도 응용 가능합니다 저는 삼겹살을 구울 때 깻잎을 곁들였는데 고소한 삼겹살과 향긋한 깻잎의 조화가 정말 환상적이었습니다 신선하고 건강한 먹거리로서 깻잎의 매력을 다시 한번 느낄 수 있었습니다 가격도 적당하여 부담 없이 구매할 수 있었고 앞으로도 자주 애용할 것 같습니다 신선하고 맛있는 인증 밀양 깻잎을 찾으시는 분들께 강력 추천드립니다 인증 제품은 신뢰할 수 있는 품질을 제공하며 가성비와 건강을 동시에 잡을 수 있는 좋은 선택이라 생각됩니다,Four
인증 밀양깻잎 개 깻잎은 대부분 쿠팡에서 구매를 주로 하는편 이다 그중에서 밀양깻잎의 구매가 잦은편인데 그이유인즉 마트에서 판매하는 깻잎과 달리 향긋한 향이 강하면서도 씁쓸한맛이 나지않아 한번 먹어본뒤로는 밀양깻잎만 고집하게 되기 에 깻잎은 무조건 밀양깻잎으로 구매함 대체로 신선한편인데 이번에는 아이스팩옆에 너무 딱 붙어와서인지 두어장정도 얼어서 색이 변한것도 있었음 박스포장 되어있음에도 불구하고 날씨가 추워 진탓에 얼어버렸더라능 그외에는 색변함도 없고 푸릇푸릇하니 아주 신선함이 돋보였음 향도 아주 강한편이며 그향이 아주 향긋하다는 게 최대장점임 씁쓸한맛도 없고 풀비린내도 없어서 먹기 좋으 며 특히 고기와 함께 먹을때 향긋함이 느끼함도 잡아주고 입안도 깔끔하게 해줌 한장의 크기가 손바닥만한 사이즈로 쌈을 싸먹 기에 아주 적당한양이며 억세지않고 부드러운 깻잎이라 먹기 편했음 깻잎은 향긋한맛으로 먹는 음식이라 그것만 으로도 밀양깻잎은 깻잎중 최상급에 속한다 판단되기에 재구매는 계속 아주 향긋함 쓴맛없음 부드러운편 억세지않음 크기적당 신선함 구매후 만족도는 상중하 중에 상,Four
안녕하세요 이번에 구입한 곰곰 밀양 깻잎 팩을 리뷰해 볼게요 상품 소개 곰곰 밀양 깻잎은 집에 고기 좋아하는 사람이 있다면 항상 곁들일 채소로 구입하게 되는 필수 아이템입니다 팩으로 구성되어 있어 적당한 양으로 사용하기 좋습니다 다양한 활용법 닭갈비 요리 깻잎을 닭갈비 요리의 마지막 단계에 넣어주면 한층 더 맛있게 즐길 수 있습니다 깻잎의 향긋한 향이 닭갈비의 풍미를 한층 더 살려줍니다 제육볶음과 불고기 제육볶음이나 불고기와 함께 싸먹으면 고기의 느끼함을 잡아주고 신선한 맛을 더해줍니다 고기 요리와 깻잎의 조화는 정말 일품입니다 반찬으로 활용 깻잎을 절여 반찬으로 먹을 수도 있습니다 아삭한 식감과 독특한 향이 식욕을 돋워줍니다 간단한 한 끼 식사 밥에 참치와 깻잎 그리고 쌈장을 곁들여 먹으면 간단하면서도 맛있는 한 끼 식사가 됩니다 특징 고기 요리라면 어디에나 잘 어울리는 깻잎은 다재다능한 식재료입니다 신선한 향과 맛으로 요리의 풍미를 한층 더 살려주며 영양가도 높아 건강에도 좋습니다 결론 곰곰 밀양 깻잎 팩은 다양한 요리에 활용할 수 있는 만능 식재료입니다 고기 요리를 자주 해먹는 가정이라면 항상 구비해 두면 좋을 것 같습니다 신선하고 향긋한 깻잎으로 일상적인 식사를 더욱 특별하게 만들어보세요,Four
깻잎은 독특한 향을 가지고 있어 주로 쌈 채소 장아찌 무침 요리의 주재료나 찌개와 탕의 부재료로 활용되며 농가에서는 가축들을 쫓아내 농작물을 보호하는 목적으로 재배되기도 한다 한편 깻잎의 정유 성분이 비린내를 제거하기 때문에 비린내가 나는 생선이나 육류와 함께 섭취하면 좋다 깻잎의 영양 및 효능 깻잎은 철분 함량이 매우 높은 채소로 빈혈을 예방하고 성장기 아동의 발육을 촉진하는데 도움을 준다 시금치보다 배 이상의 철분을 함유하고 있어 깻잎 을 먹으면 하루에 필요한 철분 양이 모두 충족된다 또한 식물성 색소 플라보노이드의 종류인 루테올린 성분을 함유하여 체내 염증 완화 항알레르기 효과 기침이나 콧물 재채기 증상을 완화하는 효과가 있다 깻잎에 있는 항암물질 피톨 은 암세포와 병원성 균을 제거하여 면역 기능을 강화한다 깻잎 고르는 법 깻잎은 짙은 녹색을 띠는 것이 좋으며 붉은색 검은색의 반점이 있는 것은 피해야 한다 수확한 지 얼마 되지 않은 싱싱한 깻잎은 향이 강하며 줄기가 말라 있지 않고 잎의 잔털이 선명해 표면이 까칠하다 깻잎 손질법 깻잎의 잔털은 이물질이 부착되기 쉽기 때문에 한 장씩 표면을 중심으로 물에 담가 꼼꼼하게 씻는 것이 중요하다 잔류한 농약 성분을 제거하기 위해서는 물 기준 녹차 을 넣어 상온에서 분간 우린 물에 깻잎을 분간 담그고 흐르는 물에 씻어내면 농약 성분을 효과적으로 제거할 수 있다 깻잎 보관방법 깻잎은 쉽게 건조해지기 때문에 수분을 유지하는 것이 중요하다 깻잎을 종이타월로 한번 감싸 랩으로 씌운 후 냉장 보관한다 깻잎은 신선도가 떨어지면 향과 맛이 약해지기 때문에 구매 후 가급적 빨리 섭취하는 것이 좋다,Four
인증 밀양 깻잎에 대해 솔직한 리뷰를 남겨보려고 합니다 처음 배송이 도착했을 때는 깻잎 거의 전체가 검게 변색되어 있어 다소 실망스러웠습니다 배송 중 낮은 온도에서 눌려 있었던 것으로 보였고 이로 인해 상품으로서의 가치를 거의 잃은 상태였습니다 바로 쿠팡 고객센터에 문의를 드렸고 다행히 교환 요청을 수락해 주셨습니다 특히 교환 과정이 신속하고 원활하여 그날 바로 새 상품을 보내주셔서 만족스러웠습니다 를 처음보시는 분들은 생소하겠지만 저는 아이가 있어서 대부분 인증 제품을 찾게됩니다 우선 인증이란 농산물의 생산 수확 포장 판매 전 과정에서 농약 중금속 미생물 등의 유해 요소를 철저히 관리하는 제도입니다 인증을 받은 농산물은 더욱 안전하고 건강한 먹거리임을 보증하기 때문에 소비자로서 믿고 구매할 수 있는 점이 큰 장점입니다 이번에 새로 받은 밀양 깻잎은 인증을 받은 제품답게 신선하고 깔끔한 상태로 배송되었습니다 깻잎 특유의 진한 향이 풍부하며 식감도 부드러워 매우 만족스러웠습니다 깻잎은 특히 항산화 작용이 뛰어나며 비타민 가 풍부해 면역력 강화에도 도움을 주는 훌륭한 식재료입니다 또한 철분이 풍부해 빈혈 예방에도 좋다는 점에서 건강을 생각하시는 분들에게 추천드립니다 깻잎은 다양한 요리에 활용할 수 있어 활용도가 높습니다 고기나 생선과 함께 쌈 채소로 먹는 것은 물론이고 깻잎 장아찌 깻잎 무침 깻잎 전 등으로도 응용 가능합니다 저는 삼겹살을 구울 때 깻잎을 곁들였는데 고소한 삼겹살과 향긋한 깻잎의 조화가 정말 환상적이었습니다 신선하고 건강한 먹거리로서 깻잎의 매력을 다시 한번 느낄 수 있었습니다 가격도 적당하여 부담 없이 구매할 수 있었고 앞으로도 자주 애용할 것 같습니다 신선하고 맛있는 인증 밀양 깻잎을 찾으시는 분들께 강력 추천드립니다 인증 제품은 신뢰할 수 있는 품질을 제공하며 가성비와 건강을 동시에 잡을 수 있는 좋은 선택이라 생각됩니다,Four
인증 밀양깻잎 개 깻잎은 대부분 쿠팡에서 구매를 주로 하는편 이다 그중에서 밀양깻잎의 구매가 잦은편인데 그이유인즉 마트에서 판매하는 깻잎과 달리 향긋한 향이 강하면서도 씁쓸한맛이 나지않아 한번 먹어본뒤로는 밀양깻잎만 고집하게 되기 에 깻잎은 무조건 밀양깻잎으로 구매함 대체로 신선한편인데 이번에는 아이스팩옆에 너무 딱 붙어와서인지 두어장정도 얼어서 색이 변한것도 있었음 박스포장 되어있음에도 불구하고 날씨가 추워 진탓에 얼어버렸더라능 그외에는 색변함도 없고 푸릇푸릇하니 아주 신선함이 돋보였음 향도 아주 강한편이며 그향이 아주 향긋하다는 게 최대장점임 씁쓸한맛도 없고 풀비린내도 없어서 먹기 좋으 며 특히 고기와 함께 먹을때 향긋함이 느끼함도 잡아주고 입안도 깔끔하게 해줌 한장의 크기가 손바닥만한 사이즈로 쌈을 싸먹 기에 아주 적당한양이며 억세지않고 부드러운 깻잎이라 먹기 편했음 깻잎은 향긋한맛으로 먹는 음식이라 그것만 으로도 밀양깻잎은 깻잎중 최상급에 속한다 판단되기에 재구매는 계속 아주 향긋함 쓴맛없음 부드러운편 억세지않음 크기적당 신선함 구매후 만족도는 상중하 중에 상,Four
안녕하세요 이번에 구입한 곰곰 밀양 깻잎 팩을 리뷰해 볼게요 상품 소개 곰곰 밀양 깻잎은 집에 고기 좋아하는 사람이 있다면 항상 곁들일 채소로 구입하게 되는 필수 아이템입니다 팩으로 구성되어 있어 적당한 양으로 사용하기 좋습니다 다양한 활용법 닭갈비 요리 깻잎을 닭갈비 요리의 마지막 단계에 넣어주면 한층 더 맛있게 즐길 수 있습니다 깻잎의 향긋한 향이 닭갈비의 풍미를 한층 더 살려줍니다 제육볶음과 불고기 제육볶음이나 불고기와 함께 싸먹으면 고기의 느끼함을 잡아주고 신선한 맛을 더해줍니다 고기 요리와 깻잎의 조화는 정말 일품입니다 반찬으로 활용 깻잎을 절여 반찬으로 먹을 수도 있습니다 아삭한 식감과 독특한 향이 식욕을 돋워줍니다 간단한 한 끼 식사 밥에 참치와 깻잎 그리고 쌈장을 곁들여 먹으면 간단하면서도 맛있는 한 끼 식사가 됩니다 특징 고기 요리라면 어디에나 잘 어울리는 깻잎은 다재다능한 식재료입니다 신선한 향과 맛으로 요리의 풍미를 한층 더 살려주며 영양가도 높아 건강에도 좋습니다 결론 곰곰 밀양 깻잎 팩은 다양한 요리에 활용할 수 있는 만능 식재료입니다 고기 요리를 자주 해먹는 가정이라면 항상 구비해 두면 좋을 것 같습니다 신선하고 향긋한 깻잎으로 일상적인 식사를 더욱 특별하게 만들어보세요,Four
깻잎은 독특한 향을 가지고 있어 주로 쌈 채소 장아찌 무침 요리의 주재료나 찌개와 탕의 부재료로 활용되며 농가에서는 가축들을 쫓아내 농작물을 보호하는 목적으로 재배되기도 한다 한편 깻잎의 정유 성분이 비린내를 제거하기 때문에 비린내가 나는 생선이나 육류와 함께 섭취하면 좋다 깻잎의 영양 및 효능 깻잎은 철분 함량이 매우 높은 채소로 빈혈을 예방하고 성장기 아동의 발육을 촉진하는데 도움을 준다 시금치보다 배 이상의 철분을 함유하고 있어 깻잎 을 먹으면 하루에 필요한 철분 양이 모두 충족된다 또한 식물성 색소 플라보노이드의 종류인 루테올린 성분을 함유하여 체내 염증 완화 항알레르기 효과 기침이나 콧물 재채기 증상을 완화하는 효과가 있다 깻잎에 있는 항암물질 피톨 은 암세포와 병원성 균을 제거하여 면역 기능을 강화한다 깻잎 고르는 법 깻잎은 짙은 녹색을 띠는 것이 좋으며 붉은색 검은색의 반점이 있는 것은 피해야 한다 수확한 지 얼마 되지 않은 싱싱한 깻잎은 향이 강하며 줄기가 말라 있지 않고 잎의 잔털이 선명해 표면이 까칠하다 깻잎 손질법 깻잎의 잔털은 이물질이 부착되기 쉽기 때문에 한 장씩 표면을 중심으로 물에 담가 꼼꼼하게 씻는 것이 중요하다 잔류한 농약 성분을 제거하기 위해서는 물 기준 녹차 을 넣어 상온에서 분간 우린 물에 깻잎을 분간 담그고 흐르는 물에 씻어내면 농약 성분을 효과적으로 제거할 수 있다 깻잎 보관방법 깻잎은 쉽게 건조해지기 때문에 수분을 유지하는 것이 중요하다 깻잎을 종이타월로 한번 감싸 랩으로 씌운 후 냉장 보관한다 깻잎은 신선도가 떨어지면 향과 맛이 약해지기 때문에 구매 후 가급적 빨리 섭취하는 것이 좋다,Four
깻잎의 영양 및 효능 깻잎은 철분 함량이 매우 높은 채소로 빈혈을 예방하고 성장기 아동의 발육을 촉진하는데 도움을 준다 시금치보다 배 이상의 철분을 함유하고 있어 깻잎 을 먹으면 하루에 필요한 철분 양이 모두 충족된다 또한 식물성 색소 플라보노이드의 종류인 루테올린 성분을 함유하여 체내 염증 완화 항알레르기 효과 기침이나 콧물 재채기 증상을 완화하는 효과가 있다 깻잎에 있는 항암물질 피톨 은 암세포와 병원성 균을 제거하여 면역 기능을 강화한다 깻잎 고르는 법 깻잎은 짙은 녹색을 띠는 것이 좋으며 붉은색 검은색의 반점이 있는 것은 피해야 한다 수확한 지 얼마 되지 않은 싱싱한 깻잎은 향이 강하며 줄기가 말라 있지 않고 잎의 잔털이 선명해 표면이 까칠하다 깻잎 손질법 깻잎의 잔털은 이물질이 부착되기 쉽기 때문에 한 장씩 표면을 중심으로 물에 담가 꼼꼼하게 씻는 것이 중요하다 잔류한 농약 성분을 제거하기 위해서는 물 기준 녹차 을 넣어 상온에서 분간 우린 물에 깻잎을 분간 담그고 흐르는 물에 씻어내면 농약 성분을 효과적으로 제거할 수 있다 깻잎 보관방법 깻잎은 쉽게 건조해지기 때문에 수분을 유지하는 것이 중요하다 깻잎을 종이타월로 한번 감싸 랩으로 씌운 후 냉장 보관한다 깻잎은 신선도가 떨어지면 향과 맛이 약해지기 때문에 구매 후 가급적 빨리 섭취하는 것이 좋다,Four
유튜브에 엄태웅 아내분인 윤혜진씨가 운영하는 채널이 있는데요 거기에서 윤혜진씨 친정어머니 비법 깻잎 무침 영상을 봤는데 엄 청 간단하더라고요 그래서 한번 만들어 봐야지 하고 킵 해두고 있던 레서피였는데 갑자기 그 꺳잎 반찬을 해 먹어야지 싶어서 깻잎 바로 주문 싱싱한 깻잎이 새벽에 바로 배송 요 맛에 쿠팡 로켓프레시 하지요 비법 레서피는 깻잎을 잘 씻어서 물기를 한장 한장 닦아 준비해두어요 깻잎 장에 액젓 고춧가루 설탕 쪽파 실파 한줌 이렇게 섞어서 설탕을 다 녹여 줍니다 그리고 깻잎 앞면 한면에 검지손톱 한마디 정도 소량의 양념장을 얹어 줍니다 그리고 깻잎 한장씩 한면에만 양념장을 올려주면 되는 겁니다 윤혜진씨가 이 양념은 단맛으로 먹는거라 하셨거든요 실제로 굉장이 달큰한 양념장이였습니다 하지만 단거를 선호하지 않으시는 분들이라면 설턍양을 좀 줄여서 넣으시면 될 것같아요 윤혜진씨 어머니 말씀으론 하루 숙성하면 색이 죽었던 꺳잎이 다음 날이면 다시 색이 올라온다고 그러면서 맛도 더 좋아 진다고 하시더라고요 한봉으로 만들어 본거라 다음날이 되기도 전에 순삭해버렸네요 따뜻한 흰 밥에 깻잎 올려서 싸서 먹으니 맛이 좋았어요 우선 숨이 죽지 않은 꺳잎이라서 싱싱한 꺳잎향이 향긋 향긋 만드는 방법도 너무 간단하고 힘든 것이 있다면 깻잎을 씻어서 앞뒷장 꼼꼼히 물기를 닦아 내는게 번거롭고 제일 시간이 많이 드는 부분이였습니다 맛있는 반찬으로 한끼 뚝딱,Four
맛 만족도 맛있어요,Four
내돈내산 곰곰 인증 밀양 깻잎 팩 만족도 주문일 배송일 곰곰 인증 밀양 깻잎 가격도 괜찮고 양도 적당해서 자주 구매하는 상품입니다 맨 처음에 쿠팡에서 깻잎 주문했을 때 많이 시든 상태로 와서 좀 실망했다가 그 뒤로는 신선한 상품이 와서 곧 잘 먹고 있었어요 이번에 받은 깻잎은 완전 싱싱한 상태는 아니고 몇 장 정도는 조금 시들했습니다 많이 사둬도 빨리 못 먹으면 결국엔 상해서 버리게 되니까 인 가구에선 많은 양도 필요없더라구요 곰곰 인증 밀양 깻잎 먹어본 후기는 향이 엄청 진하게 향긋해요 다른 깻잎들보다 유독 깻잎 향이 강한 거 같아요 그래서 더욱 깻잎 먹는 맛이 좋습니다 깻잎은 쌈으로 먹어도 되고 닭갈비나 볶음 요리 마지막에 잘게 잘라 넣어도 되고 계란말이에 넣어도 되고 여러모로 쓰임이 많아요 깻잎들 상태도 싱싱하고 깻잎 향도 진하게 향긋한 국내산 깻잎 매번 잘 먹고 있습니다 이상 내돈내산 곰곰 인증 밀양 깻잎 팩 후기였습니다 제 리뷰가 구매에 도움이 되셨다면 도움이 돼요 한 번 꾸 욱 눌러주세요 감사합니다,Four
맛 만족도 맛있어요,Four
항암효과 깻잎은 천연항암제라고 불릴 만큼 항암효과에 뛰어난 효능이 있습니다 특히 깻잎에 함유된 베타카로틴 폴리페놀 성분은 발암의 원인이 되는 활성산소를 제거하는 항산화 작용을 위하여 위암 대장암 등의 암 에방에 도움이 됩니다 눈 건강 깻잎에 함유된 루테인은 망막을 구성하는 성분으로써 망막 세포의 손상을 억제하고 노화로 인한 시력저하와 황반변성을 예방하는데 도움이 됩니다 또한 깻잎의 비타민 성분은 망막에 붉은빛을 감지하는 로돕신의 재합성을 촉진하여 눈의 피로를 풀어주고 시력보호에 도움이 되며 베타카로틴 성분은 우리 몸에 흡수되면서 비타민 로 변환하여 백내장 안구건조증 등의 눈 질환을 예방하는데 도움을 줍니다 뼈 건강 깻잎에는 뼈를 튼튼하게 해주는 칼슘 성분이 시금치보다 배나 많은 양을 함유하고 있습니다 특히 칼슘 성분은 뼈를 튼튼하게 해 주며 성장기 어린이의 발육을 돕고 나이 많으신 분들의 약해진 골격을 강화하는데 도움을 줍니다 또한 깻잎의 비타민 철분 등의 각종 미네랄 성분은 뼈 건강 증진은 물론 골밀도를 강화하여 뼈 관련 질환을 예방하는데 도움이 됩니다 면역력 강화 깻잎에 함유된 비타민 베타카로틴 성분은 혈액순환과 신진대사를 촉진하여 감기나 외부에서 유입되는 바이러스와 질병으로부터 면역력을 높이는데 도움이 됩니다 또한 깻잎의 루테올린 성분은 염증 완화와 항알레르기 효능이 뛰어나 감기 예방에 효과적이며 기침이나 재채기 증상을 완화하는데 도움을 줍니다 빈혈 예방 깻잎에 함유된 철분 엽산 성분은 헤모글로빈과 적혈구의 생성을 촉진하여 체내에 산소 공급을 돕고 혈액순환을 원활하게 하여 빈혈 증상을 개선하는데 도움을 줍니다 또한 깻잎의 엽산 성분은 빈혈뿐만 아니라 영양이 부족하기 쉬운 임산부와 태아 건강에 많은 도움이 됩니다 피부 미용 깻잎에 함유된 비타민 성분은 콜라겐의 생성을 촉진하고 멜라닌의 피부 침착하는 것을 방지하여 깨끗한 피부를 유지하는데 도움이 됩니다 또한 루테올린 로즈마린산 성분 역시 멜라닌 색소 생성을 억제하여 기미 주근깨 등의 미백효과에 효능이 있습니다,Four
맛 만족도 맛있어요,Four
내돈 내산 리뷰입니다 곰곰의 밀양 깻잎은 신선도와 품질이 정말 뛰어나네요 인증을 받은 제품이라 그런지 믿고 먹을 수 있는 깻잎이라는 생각이 듭니다 깻 잎 자체가 크고 두툼해서 깻잎 장아찌나 쌈 요리에 아주 적합했어요 여러번 사먹었는데 이번에는 꺳잎 한장이 조금 상태가 안좋았어요 그래도 요즘같이 채소 가격이 비싼데 이가격에 이정도면 진짜 만족스러워요 또한 포장 상태도 매우 깔끔하고 위생적이라 좋았습니다 한 팩당 양이 적당해서 다 먹기 전까지 시들지 않아 보관도 용이하네요 은은한 향이 식욕을 자극해서 밥 반찬으로 정말 딱이에요 깻잎 특유의 쌉싸름하면서도 상큼한 맛이 강하지 않아서 아이들도 거부감 없이 먹을 수 있었어요 샐러드나 비빔밥에 넣어 먹으니 정말 잘 어울리고 여러 요리에 활용하기 좋았습니다 갓 수확한 듯 신선한 느낌이 들어서 마트에서 사는 것보다 훨씬 만족스러웠어요 가격 대비 품질이 훌륭해서 재구매 의사 확실합니다 깔끔하고 신선한 깻잎을 찾으신다면 강력 추천해요 저도 다른 분들 리뷰 많이 보고 구매해요 여러분도 제 리뷰가 구입하는데 도움이 되었으면 좋겠습니다 도움이 되었다면 도움이 돼요 버튼을 눌러주세요 저에게 많은 힘이 됩니다 좋은 하루 되세요,Four
맛 만족도 맛있어요,Four
식사 차릴 때마다 웬만하면 초록 채소를 놓는 편입니다 남자친구가 채소를 잘 안 먹는 편인데 깻잎은 여기저기 잘 싸먹길래 자주 구매하고 있습니다 인 가구 기준으로 한 끼 맛있게 먹을 수 있는 양이구요 깻잎은 특성 상 금방 무르는 채소이다보니 적은 양을 사서 그 때마다 신선하게 먹는 것이 제일 좋습니다 농산물 우수 관리 인증 된 곳에서 재배 된 깻잎이라 항상 믿고 시키는 편인데 이번에는 깻잎이 너무 싱싱했는지 벌레가 깻잎에 찰싹 말라 붙어서 왔더라구요 그만큼 자연 그대로 재배하시는구나 생각했습니다 이런 경우가 종종 있을 수 있으니 웬만하면 깻잎 한장 한장 꼼꼼히 씻으시는게 좋겠습니다 그 외에는 깻잎 색깔도 선명하니 너무 좋고 이번에는 추석 때 남은 갈비찜에 싸먹었는데 갈비의 느끼함을 깻잎이 깔끔하게 잡아줘서 좋더라구요 깻잎은 천연 항암제 라고 불릴 정도로 항암효과에도 좋고 눈에 좋은 루테인 포함 칼슘 성분도 시금치보다 배 많다고 하고 면역력 강화 피부 미용 등 몸에 좋은 성분들로만 가득한 아주 좋은 채소입니다 깻잎 장아찌나 고기 주꾸미 닭갈비 등 여러 요리에 활용해보시면 좋을 것 같습니다,Four
쌈싸먹기 제일 좋아하는 채소 중 하나가 깻잎이에요 상큼하니 특유의 깻잎향과 맛이 고기의 느끼한 맛도 잡아주고 감칠맛을 돋궈주는 역할을 제대로 하는거 같아요 깻잎에 쌈무 반장 올려서 삼겹살 쌈 싸먹는 걸 제일 좋아해요 집에 가족들은 쌈 싸먹는 걸 별로 안좋아해서 제일 작은 단위의 깻잎을 샀는데도 몇끼를 나눠서 먹는 거 같아요 한끼는 삼겹살 쌈 싸먹는데 먹고 한끼는 밥이랑 고추된장장아찌로 간단히 쌈 싸먹고 아직도 남아있네요 요즘 제가 관리 차원에서 음식 먹는 양을 좀 줄였더니 더 깻잎을 오래 두고 먹게 되네요 그래도 깻잎이 싱싱해서 냉장고에 몇일씩 오래 보관해도 괜찮을거 같아 다행이에요 깻잎이 가끔 두껍고 쓴맛이 받칠때가 있는데 이건 그렇진 않고 크기나 두께가 적당하니 시들한 부분도 없이 싱싱한 깻잎이에요 포장하며 접혀서 구겨진 정도는 뭐 그래도 검게 변한 부분 없이 온거 보면 무지 싱싱한 상태인거 같아요 배송 됐을때 왠 박스인가 했는데 박스에 넣어 포장되었더라고요 앞전에 배송시 깻잎이 비닐 포장채로 다른 야채들과 같이 왔는데 치여서 상태 안좋았던 적이 있었는데 그런거 예방 차원에서 박스에 넣어 배송 되는거 같아요 굿 여튼 남은 깻잎까지 맛나게 잘 먹을께요,Four
건강한 나물 반찬을 만들고 싶어서 밀양 깻잎을 구매했어요 요즘 건강에 좋은 나물 반찬을 자주 만들고 있는데 그 중에서도 깻잎은 꼭 빠질 수 없는 메뉴죠 그래서 깨끗하고 신선한 밀양 깻잎을 찾아다녔는데 그때 곰곰 인증 밀양 깻잎을 발견했어요 깨끗하고 신선한 깻잎 곰곰 인증 밀양 깻잎은 깨끗하고 신선한 게 정말 마음에 들었어요 잎도 크고 두툼해서 쌈 채소로 먹기에도 좋았고 나물 반찬을 만들기에도 좋았어요 인증 받은 안전한 제품 무엇보다 인증을 받은 제품이라서 안심하고 먹을 수 있다는 게 가장 큰 장점이었어요 풍부한 영양 성분 깻잎은 칼슘 철분 비타민 등 다양한 영양 성분이 풍부하게 함유되어 있어 건강에도 정말 좋다고 하더라고요 영양 성분 칼슘 당 철분 당 비타민 당 건강하고 맛있는 깻잎을 찾으신다면 곰곰 인증 밀양 깻잎을 추천해요 건강하고 맛있는 깻잎을 찾으신다면 곰곰 인증 밀양 깻잎을 정말 추천해요 후회하지 않으실 거라고 확신합니다 다양한 요리에 활용 가능 깻잎은 쌈 채소 나물 반찬 볶음 국 등 다양한 요리에 활용할 수 있어요 사용 후기 장점 깨끗하고 신선함 인증 풍부한 영양 성분 단점 특별히 없음 총평 건강하고 맛있는 깻잎을 찾으신다면 곰곰 인증 밀양 깻잎을 추천합니다 활용 요리 쌈 채소 깻잎 나물 깻잎 볶음 깻잎 국 추가 정보 제조사 곰곰 제품명 인증 밀양 깻잎 용량 영양성분 칼슘 철분 비타민 칼로리 당 저의 리뷰가 도움이 되었다면 아래에 도움이 돼요 부탁합니다 리뷰를 작성하는데 큰 도움이 됩니다,Four
쌈채소 사면 먹는거 보다 남는게 많아 신랑이랑 둘이서 집에서 고기 먹을때는 간단히 깻잎만 시켜서 먹는 편이에요 깻잎 한봉만 사도 남긴 하지만 나눠 먹기도하고 결국 다 못먹고 버려도 가격이 저렴하니 부담이 덜 하더라고요 전 개인적으로 깻잎에 쌈무 반장 올리고 고기 위에 파김치나 파무침 올려 먹는 조합을 제일 좋아해요 외식할때나 보면 보통 여자들이 깻잎을 좋아하는거 같더라고요 왜그런지 모르겠지만 항상 보면 여자들이 깻잎쌈을 싸먹더라고요 이번에 구매한 깻잎은 상태는 양호했어요 끝이 검게 변하거나 물러진거 없이 빳빳하니 상태 좋게 왔더라고요 젤 위에 한장이 살짝 힘이 빠진긴 했는데 들어올렸을때 느껴진거고 외관은 깨끗하더라고요 그리고 깻잎 두께가 너무 두껍지 않고 적당히 빳빳하니 씁쓸하지않고 맛있었어요 깻잎 너무 튼실해서 두꺼운 깻잎들은 너무 쓴맛이 나서 먹기 힘든것들도 간혹 있더라고요 간만에 깻잎 쌈을 싸먹어서 삼겹살이랑 먹다 다먹고 밥 한숟가락 남아 깻잎에 올리고 쌈장 조금해서 그냥 밥만 싸먹었는데 그것도 향긋하니 고소하니 맛나더라고요 깻잎 자주 먹다보면 다른 쌈채소가 좀 땡기는데 또 한동안 안먹고나면 삼겹살 먹을때 깻잎부터 찾게 되더라고요 깻잎의 특유의 맛과 향이 강해서 이게 약간 중독이라고 할까 그런게 좀 있는거 같아요 삼겹살 먹을때는 자동으로 깻잎부터 찾는걸 보면 그래요 깻잎 없을때는 깻잎절임 있으면 그것도 같이 먹음 맛나더라고요 깻잎 간장 절임이나 고추장 절임 다 밥도둑인데 삼겹살이랑 궁합도 좋더라고요 아 집에 없어 아쉽네요 제가 하지는 못하겠고 친정가면 얻어와야것어요 여튼 이 깻잎 요물이에요 향긋하게 맛나게 드세요,Four
곰곰 밀양 깻잎 개 정말 자주 주문하는 깻잎인데요 대부분 깻잎을 받으면 상태를 꼭 확인해보는데 가끔 깻잎 상태가 정말 안좋을때가 있거든요 이번에도 깻잎을 받고나서 바로 확인해 봤는데 깻잎 상태가 썩 좋진 않았어요 그래도 대부분은 괜찮은 상태라 그냥 교환 받지않고 먹었습니다 어쩔때는 정말 너무 심각할때도 있었는데 좀 이상 하다 싶으면 바로 교환 받으세요 저는 이번에 비빔밥을 맛있게 만들어 먹고 싶어서 각종 야채랑 다짐육을 주문 했는데요 깻잎도 들어가면 맛있어서 같이 주문했어요 깻잎 향이 진짜 향긋해서 비빔밥에 넣어 먹으면 향긋하고 맛있거든요 저는 쌈싸먹을때도 상추보다 깻잎을 더 선호해서 고기 먹을일 있으면 꼭 상추를 같이 구매해서 먹어요 깻잎에는 생각보다 정말 좋은 효능이 많이 있는데요 그중에서 몇가지를 알아 볼게요 깻잎의 효능 가지 항산화 효과 깻잎에는 카테킨 쿼세틴 등의 항산화 성분이 포함되어 있습니다 이런 성분들은 몸의 산화를 방지하며 노화를 지연시키고 만성 질환의 발병 위험을 줄여줄 수 있습니다 항염작용 깻잎에는 항염 및 진정 효과가 있는 것으로 알려져 있습니다 이는 신체의 염증 반응을 완화시켜 주며 여러 가지 질병으로부터 보호하는데 도움이 됩니다 소화기능 개선 깻잎은 소화를 돕는데 도움을 줍니다 그로 인해 위장장애나 소화 불량 등을 예방하거나 완화하는데 도움이 됩니다 제 글이 도움이 되셨다면 도움이 돼요 를 꼭 눌러주시길 부탁 드립니다 좋은 하루 보내세요,Four
내돈내산 솔직후기입니다 용량 원산지 국내산 요즘 채소가 가격이 오른것 같아요 얼마전에 비가 전국적으로 많이 와서 농작물이 피해가 커서 금액이 올랐나 봅니다 깻잎이 짜리라 그런지 양이 많지 않아요 간단히 한끼 먹을때 곁들여 먹는 정도의 양입니다 깻잎은 상태가 좋습니다 몇장 들어있진 않아요 이번엔 월남쌈에 넣어 먹으려고 하루 전날에 구매를 했어요 깻잎을 식초를 살짝 넣은 물에 분 정도 담궈두고 깨끗히 세척해서 잘게 썰었어요 국산 깻잎이라서 향이 진하고 좋습니다 다른 야채와 고기를 넣고 월남쌈을 먹었습니다 깻잎향이 진해서 더 맛있는것 같아요 한끼 먹긴 괜찮지만 쌈채소로 먹기엔 양이 적을것 같아요 잘 먹었습니다 만족해요 포장이 업그레이드 됬네요 작은 상자에 한번 더 넣어서 로켓프레쉬백에 담겨왔는데 찌그러지거나 상한거 없이 잘 받았습니다 개선되어서 좋네요 가성비 맛 포장 배송,Four
상품명 곰곰 밀양 깻잎 개 구매 일자 년 월 일 배송 일자 년 월 일 깻잎 특유의 향과 맛을 좋아해서 자주 구매하는데 이번에는 참치 김밥과 깻잎 전을 하려고 구매하였습니다 굳이 참치 김밥이 아니더라도 김밥에 깻잎을 넣는 게 의외로 잘 어울려서 김밥 쌀 때 종종 깻잎을 넣어서 만들어 먹습니다 저는 인 가구라 야채를 많이 사면 먹다 버리는 경우가 많아서 소 용량 구매하는 경우가 많은데 이번에 구매한 용량 정도가 한 번 정도 음식 해서 먹으면 딱 좋은 용량이라 괜찮았습니다 배송은 로켓 프레시 새벽 배송으로 빠르게 받았고 상품도 안전하게 잘 받았습니다 그런데 깻잎 상태가 썩 좋진 않았습니다 군데 군데 멍든 것 같이 시든 부분이 좀 있더라구요 전체 깻잎 중 장 정도가 상태가 안 좋아서 버렸습니다 크기는 일정한 크기이고 깻잎도 뻣뻣한 깻잎은 아니라 맛은 괜찮았는데 시든 깻잎이 몇 장 있어서 좀 별로였습니다 그래도 맛은 있어서 다행인 듯 싶더라구요 나머지 깻잎은 상태가 괜찮아서 바로 참치 김밥 만들어 먹었고 김밥 싸고 남은 깻잎은 집에 있는 다진 돼지고기 넣고 깻잎전을 해서 먹을 예정입니다 맛은 괜찮았는데 시든 깻잎이 몇 장 있어서 저는 재 구매 의향 없습니다 직접 이용해 보고 개인적인 느낌을 적은 솔직한 사용 후기 입니다 부족하지만 제 후기가 구매 결정에 도움이 되길 바라며 제 리뷰가 도움이 되었다면 도움이 돼요 한번 꾹 눌러주세요,Four
맛 만족도 괜찮아요,Four
내돈내산 곰곰 밀양 깻잎 봉 리뷰 구매날짜 배송날짜 곰곰 청상추랑 같이 구매해서 제육볶음 만들어 야채쌈 싸먹었어요 상추도 그렇고 깻잎도 이라는 양이 가늠이 안되서 일단 로켓프레시 최소금액 맞춰서 주문했고 상추랑 같이 해서 번에 나눠 먹었어요 인가구는 깻잎 이면 많은양입니다 처음 배송받자마자 상태 확인했을때 처음에는 진한 초록색으로 상한거 없이 잘 왔다고 생각 했는데 뒷부분 돌려보니 깻잎 몇장 끝부분이 조금 상해있었어요 다행히 다 그런건 아니여서 상한부분 잘라내고 신선한 부분만 골라 먹었네요 여자 손바닥보다 조금 크거나 조금 작은것들로만 해서 들어있어요 깻잎은 잎이 너무 크면 뻣뻣하고 질기고 너무 작으면 부드럽긴한데 쌈야채로는 별로라 중간크기를 좋아해요 근데 요번꺼는 크기들도 일정하고 부드러운걸로 왔어요 흐르는 물에 한 장씩 꼼꼼하게 씻어주세요 깻잎 표면에는 이물질이랑 잔털들이 많이 붙어 있어서 겹친 상태로 씻으면 제대로 씻겨 나가지 않기 때문에 꼭 한 장씩 흐르는 물에 씻어서 드세요 다른 방법으로는 녹차가루 푼 물에 얼음 넣고 깻잎을 분정도 담궈 놓은 후 흐르는 물에 한 장씩 씻는 방법도 있대요 저는 그냥 흐르는 물에 한 장씩 씻어내는것도 귀찮아하기 때문에 녹차가루는 패스 남은 깻잎들은 물기 제거한다음 소분해서 종이타올로 감싼 뒤 지퍼백에 넣어 냉장 보관하면 주일정도 신선하게 드실 수 있어요 야채이다보니 금방 무르니까 최대한 빨리 소비하는게 답입니다 깻잎은 향이 강해서 호불호가 있는 재료중에 하나인거 같아요 하지만 철분 칼슘 비타민이 풍부해서 빈혈도 예방해주고 눈건강 피부건강 등에도 좋은 효능이 많아요 향이 싫다 하시는 분들은 깻잎전이나 장아찌로 요리해서 조금씩 시도해보시면 깻잎 향의 향긋함이 뭔지 알게되실꺼예요 제 리뷰 보시고 다들 구매하시는데 조금이라도 도움이 되셨길 바래요 지금까지 곰곰 밀양 깻잎 봉 리뷰 였습니다,Four
가족들과 함께 수육을 해서 먹으면서 깻잎도 함께 싸서 먹으려고 주문했어요 상추만 먹는 것 보다 이왕이면 깻잎도 같이 먹으면 좋을 것 같아서 선택했어요 는 의 약자로 농업 생산과정에서 안전하고 지속 가능한 방법을 적용하는 것을 의미한다고 해요 인증은 농업 생산자와 소비자 간의 신뢰를 구축하고 지속 가능한 농업과 식량 안전성을 증진하는 데 기여한다고 해요 암튼 인증 깻잎이라 믿을 수 있어요 주문 다음날 새벽배송으로 받았어요 투명 비닐에 깻잎이 가지런히 담겨 있어요 이라 많지는 않지만 상추도 함께 구입한 거라 괜찮을 것 같아요 깻잎은 싱싱하고 향도 좋은데 끝부분이 살짝 시들한 느낌이 들어 별하나 뺐어요 밀양깻잎은 잎이 두툼해 씹는 맛이 좋다고 하더니 확실히 잎이 두툼하고 초록빛이 진해보이네요 깻잎에는 비타민 베타카로틴 철분 식이섬유 등이 풍부하게 포함되어 있어 건강에 도움을 주고 면역력을 강화하는데도 좋다고 하네요 깻잎은 산성의 특징을 가지고 있어 오래 두면 변색하고 신선도가 떨어질 수 있으므로 신선한 상태로 구입하고 사용하지 않는 깻잎은 냉장고에 보관하여 신선도를 유지하는 것이 좋다고 하니 참고하세요 깻잎을 흐르는 물에 씻어 목살 올려 먹었더니 너무 맛있네요 신선식품은 그때그때 차이가 있기는 한데 요번 깻잎은 신선도가 조금 아쉽네요 그래도 향도 좋고 두툼하고 맛있어서 앞으로도 종종 구매하게 될 것 같아요 다음에는 싱싱한 깻잎이 배송되기를 바래보네요 서늘한 곳에 보관 직접 먹어보고 작성한 리뷰예요 지극히 주관적인 제 생각이나 느낌이니 참고하시구요 부족하지만 제 리뷰를 통해 여러분들의 선택에 도움이 될 수 있으면 좋겠네요,Four
싱싱함 예상보다 안 싱싱해요,Four
낼 점심때 쌈채소랑 같이 고기를 싸서 먹으려고 향긋한 향이 좋은 깻잎을 주문해봤습니다 곰곰 밀양깻잎 이 제품은 밀양깻잎으로 향긋함이 가득한 밀양의 특산품이라고 합니다 농산물 우수관리 인증을 받은 제품으로 안심하고 드실수 있다고 하네요 진한 향긋함이 일품 고소하고 향긋 인증 농가에서 자란 깻잎 안심 서늘한 곳에 보관 국내산 깻잎 깻잎의 효능 항산화 효능 피부미용 피부노화 방지 빈혈예방 골다공증 예방 변비완화 식중독 예방 눈건강 항암효과 천연 항암제 뼈튼튼 칼슘 면역력 강화 비타민 와 여드름 기미에 도움 이 밖에도 이로운점은 많다고 합니다 이렇게 이로운점이 많은 깻잎에는 칼륨성분이 풍부한데 이는 칼륨 배출이 어려운 분들혹은 신장질환을 앓고 있는 분들에게는 독으로 작용하는 경우가 많아 과다하게 섭취하지 않도록 관리해 주면 된다고 합니다 이번에 배송받은 깻잎은 약간 싱싱하지 않고 시들은 애들이 와서 실망스러웠는데 흐르는 물에 깨끗이 세척하여 소쿠리에 놓고 잠시후에 보니 시들은 깻잎들이 어느 정도는 되살아나더라구요 그래서 점심때 고기를 싸서 아주 맛있게 쌈을 싸먹었답니다 저희집에서는 보통 깻잎은 고기를 쌈싸먹는 용도로 구입하고 있습니다 한참 더운 여름철에 깻잎이 많이 나올때는 깻잎을 사다가 간장양념을 발라 놓았다가 밥반찬으로 먹기도 하고 가끔 향긋하고 바삭한 깻잎튀김이 먹고 싶을때 튀겨 먹으면 정말 바삭하고 깻잎의 향이 어찌나 좋던지 지금도 그때의 깻잎튀김을 잊을수가 없습니다 한 여름에 친정에 내려가면 집뒷편 밭에 심 어놓은 깻잎이 어찌나 푸르고 향이 좋던지 이번 여름에도 내려가게 되면 꼭 깻잎을 한 보따리 따와야겠습니다 그래서 고기도 싸먹고 반찬도 해먹고 깻잎튀김에 야채전에도 넣어 먹고 싶네요 그러나 깻잎이 얇고 연하기때문에 오래 보관은 힘들다는 점입니다 그래서 간장양념을 한 반찬으로 만들면 제법 오래도록 먹을수 있어 항상 그렇게 만들어 먹고 있습니다 또는 간장양념이 아니더라도 요즘 시중에 나와 있는 장아찌를 담글수 있는 간장이 나와 있어 그것을 구입하여 그냥 장아찌간장으로 까맣게 양념없이 만들어 먹어도 오래 보관도 할수 있고 맛도 좋더라구요 그래서 이번엔 그렇게 장아찌간장으로 깻잎반찬을 만들어 보려고 합니다 고기 먹을때도 싸서먹으면 개운하고 짭짭하니 입맛을 돋궈주는 음식인듯 합니다,Four
안녕하세요 솔직한 리뷰를 쓰고 있는 엄마무지개에요 집에 순대가 있는데 날짜가 지나기 전에 빨리 처리하고 싶어 순대볶음을 하기로 했어요 요즘 채소값이 너무 비싸서 채소 살때도 고민을 엄청 많이 하는데 순대볶음엔 깻잎이 빠지면 절대절대 안 되기 때문에 눈물을 머금고 구매했답니다 사실 친정 집이 시골이라 밭에 가면 널린게 깻잎이라 깻잎은 잘 사먹지 않는데 우선 싱싱한 상태로 배송되었어요 향이 막 진하고 그런건 아니지만 적당한 깻잎향이 좋네요 순대볶음 만들고 몇 장 남은건 냉장고에 보관을 했었는데 일주일이 정도 됐는데 어제 상태 확인하니 상한 곳 없이 그대로네요 어머나 신기하여라 농약을 많이 쳐서 그런건가 이유는 모르겠지만 오늘 다 먹어야겠어요 이왕 리뷰 쓰는거 맛있는 순대볶음 레시피 공유하고 갈게요 순대볶음 좋아하시는 분이라면 꼭 해먹어 보세요 양념장만 만들면 끝이라 어려운 것도 아니에요 순대볶음 레시피 재료 순대 팩 물 컵 양배추 통 양파 개 대파 대 깻잎 장 식용유 참기름 들깨가루 떡사리 홍고추 양념재료 진강장 굴소스 고춧가루 고추장 물엿 설탕 맛술 다진마늘 후추 적당히 떡사리와 홍고추는 있으면 넣고 안 넣으셔도 됩니다 들깨가루는 꼭 넣으셨으면 좋겠어요 양배추 당근 양파 깻잎 고추를 썰어 준비한다 떡사리가 있으면 물에 불려 놓는다 달군 팬에 식용유를 두르고 양배추와 양파 당근을 볶는다 양배추가 노릇하게 볶아 지면 양념장을 양념장 다 넣지 않고 조절하기 넣어 함께 볶는다 떡사리 넣고 다시 볶는다 물 컵을 두고 조금씩 추가해가면서 볶아준다 들깨가루를 큰술 넣어 준다 저는 좋아해서 좀 더 넣었어요 순대를 넣고 말랑해질때까지 볶아 준다 간을 보고 양념 추가한다 파와 고추를 넣고 볶다가 불끄고 깻잎과 참기름 넣고 마무리 맛있게 드세요 제 리뷰가 도움이 되셨다면 도움이 돼어요 꾹 눌러주세요,Four
맛 만족도 괜찮아요,Four
제품명 곰곰 밀양 깻잎 주문 날짜 배송 날짜 구매동기 갑자기 김밥이 먹고 싶어 구매했어요 김밥 재료로 쓰고 피자 또띠아 이용한 요리 만들 때 토핑 재료로도 쓰고 육개장 같은 찌개나 라면에 넣어 맛있게 먹었어요 깻잎의 특징 시금치보다 철분 함유량이 배 이상 높기 때문에 깻잎 을 먹으면 하루 필요로 하는 철분 양을 모두 섭취할 수 있다 깻잎의 정유 성분이 비린내를 제거하기 때문에 비린내 나는 육류나 생선과 함께 조리하거나 섭취하면 좋다 장점 주관적인 견해 깻잎의 특유의 향이 난다 칼슘 무기질 비타민이 풍부하다 단점 주관적인 견해 검게 변색된 부분이 종종 보인다 풋내가 난다 손질법 깻잎의 잔털은 이물질이 잘 부착되므로 한장씩 물에 씻는게 중요하다 잔류한 농약 성분을 제거하기 위해 녹차물에 깻잎을 분간 담갔다가 흐르는 물에 씻어 내면 잔류 농약 성분을 제거할 수 있다 보관 방법 깻잎은 쉽게 건조해지는 채소이므로 수분 유지가 중요하다 깻잎을 종이타월로 한번 감싼 후 랩으로 씌워서 냉장 보관한다 신선도가 빨리 떨어지므로 구매 후 되도록 빠른 시간 안에 섭취한다 냠냠 제품 구매시 제 후기가 도움이 되셨으면 좋겠습니다,Four
맛 만족도 괜찮아요,Four
내 돈 내 산 리뷰입니다 주문일 년 월 일 배송 완료 일 년 월 일 원산지 국내산 중량 구매 이유 다이어트 식단을 하는데 사용하기 위해 구매 하게 되었습니다 섭취 후기 신선한 깻잎이 배송 되어 왔습니다 깻잎의 크기는 다 비슷 비슷한 크기들로 이루어져 있었습니다 양은 깻잎 장 정도 들어 있었어요 제가 요즘 다이어트 중이라 평소에는 닭 가슴 살을 주로 먹고 있는데요 중간 중간에 깻잎을 넣어서 다이어트 유부 롤을 만들어 먹거나 두부 비빔밥을 만들어 먹으면서 다이어트를 하는 중입니다 그냥 반찬을 이용해 먹어도 좋지만 다이어트 중이신 분들은 저처럼 깻잎을 넣어서 다이어트 음식 만들어 드셔 보시는 것도 추천 드려요 깻잎이 질기지 않고 향도 적당히 나는 깻잎이었어서 맛있게 먹었습니다 유부 롤 만들어 드실 때 기존에 파는 제품에 밥 대신 두부를 넣고 깻잎과 야채를 더 넣어서 만들어 먹으면 다이어트 유부 롤 만들어 드실 수 있어요 혹시 두부가 싫다 하시는 분들은 현미밥 넣어서 만들어 드셔도 맛있어요 깻잎 다 먹으면 재 구매 하러 오겠습니다 이미지는 제품 실물이 궁금하신 분이 계실 수 도 있어서 첨부 드립니다 제 리뷰가 많은 사람들에게 도움이 되었으면 좋겠습니다,Four
맛 만족도 보통이에요,Four
상한 잎 하나 없이 싱싱해요 저는 상추보다도 깻잎을 좋아하는 편이에요 특별히 어떤 요리를 먹고 싶지않아도 깻잎을 자주 사게 되고 그냥 장바구니에 담는 편이에요 깻잎 특유의 향긋한 향이 너무 좋아요 불고기에는 상추보다는 깻잎이 더 잘 어울린다고 생각하는 사람입니다 저는 깻잎을 채썰어서 이용할 것이므로 양이 매우 넉넉했어요 동네마트가면 더 저렴하게 여러묶음으로 싼가격으로 구입할 수도 있겠지만 그런것들은 간혹 씻다보면 싱싱하지 않고 흐물거리고 먹기에도 상큼함이 떨어지더라고요 차라리 이렇게 한봉지 싱싱한 것으로 들어 있는 깻잎으로 사먹는게 먹는 마지막날까지 싱싱한 깻잎 한장한장을 먹을수 있어 좋은 것 같네요 이번에 구입한 깻잎도 싱싱한 것으로 배달받았고 가격도 평소보다 저렴한 편으로 잘 구입한 것 같아요 요즘 오프라인 마트에 가봐도 여러 채소들 값이 엄청 올라져 있어 채소사기가 무서울 정도인데 오늘 로켓으로 구입한 깻잎과 여러채소들이 가격이 착해서 참 좋았네요 훈제오리를 구워서 여러 채소에 채썰어 무쌈에 싸서 머스타드소스에 찍어먹으면 맛도 영양도 정말 최고랍니다 준비하는 사람도 보기와 달리 번거롭지 않고 맛도 보장이에요 더운 요즘같은 날씨에는 이런 프레쉬한 요리가 최고인듯합니다,Four
맛 만족도 괜찮아요,Four
구입 제품 곰곰 밀양 깻잎 봉 구입일 년 월 일 배송완료 년 월 일 고추장 불고기 해먹을 때 쌈싸먹으려고 주문했어요 쌈싸먹을 때 깻잎이랑 상추가 필수지요 둘이서 쌈싸먹을 거라서 짜리로 주문했어요 깻잎 받아봤는데 중간중간 녹은 것처럼 보이는게 개 있었어요 쪼금 그렇긴 했는데 그거 빼곤 대부분 싱싱하긴 했어요 그리고 좀 큰 깻잎은 두께가 두껍고 빳빳해서 별로 였어요 큰 것보다 조금 작은 깻잎들은 먹기에 괜찮았어요 역시 꺳잎이 향긋하게 맛이 좋아요 그래서 쌈싸먹을 때나 부침개 할 때 샤브샤브 해먹을 때 깻잎을 곁들여서 먹으면 맛이 한층 더 좋아지는 것 같아요 이번에 받은 깻잎이 좀 빳빳해서 쌈싸먹기에는 조 끔 별로 였지만 잘먹긴했네욤 깻잎 세척방법 깻잎은 주름과 잔털이 많아서 농약이 잔류하기 쉽다고 합니다 그래서 물에 분정도 담갔다가 초 정도 프르는 물에 씼으면 농약을 제거하는데 효과적이라고 합니다 소중한 내돈으로 구입하고 쓰는 리뷰 랍니다 여러분의 소중한 돈으로 알찬 쇼핑하시는데 조금이나마 도움이 되었으면 좋겠습니다 도움이 되셨다면 도움이 되셨다면 도움이 돼요 를 눌러주세요,Four
곰곰 밀양 깻잎 봉 안녕하세용 깻잎에는 참 좋은 효능들이 많은데요 알고 드시면 더 기분좋고 건강하게 드실수 있을거에용 꺳잎 효능은 엽록소 베타카로틴 안토시아닌 등 여러가지 항산화 성분이 들어있어용 특히 파이툴이라는 성분은 암세포만을 골라 제거 해 줘서 각종 병원성균이나 대장규능 없애주는 데 효과적이라고해용 그리고 꺳잎은 피부 미용에용과 미백 효과도 있는데요 꺳잎에 있는 비타민 와 비타민 성분이 피부 탄력을 높여 줘서 주름 개선에도 효과적이며 똫나 로즈마린산과 루데올린 성분은 멜라닌 색소의 생성을 억제해 기미나 주근깨 등에도 좋다고 하니 깻잎은 참 좋은 효능들도 많은것 같아요 그리고 꺳잎은 고기랑 같이 먹으면 고기의 그 느끼한 맛도 잘 잡아줘서 고기도 더 많이 먹을수 있게 해주는것 같아용 배송은 로켓 프레시 배송이라 바로 다음날 도착을 했고용 꺳잎 상태는 상처나 색 변함없이 아주 깔끔하게 잘 도착했어용 가격은 약간 비싸서 조금 아쉽긴 하지만 깻잎은 신선하고 맛있어용 가격이 좀만 더 저렴해 졌으면 좋겠네용 전그냥 생으로 꺳잎만 먹기도 했느데 그냥 꺳잎만 먹어도 저는 맛있더라고용,Four
곰곰 인증 밀양 깻잎 깻잎 특유의 향이 강하지 않음 로켓 프레시로 다음날 바로 받아볼 수 있음 대체적으로 신선한 편임 소량 소분으로 필요한 양 만큼 구매하기 편리함 후기 깻잎 자체의 크기는 아주 큰 편은 아니고 적당한것 같아요 받아본 직후 먹으려 하니 몇장은 깻잎 밑 부분이 조금 녹았더라고요 이전에 받아봤을 때도 그랬었는데 그때는 냉장고에 며칠 둬서 그런가보다 했는데 아마 도착 전 부터 그랬을 가능성이 있을것 같아요 깻잎 자체의 특유 향이 강한 편이 아니고 은은하게 나는 느낌이에요 깻잎의 진한 향을 좋아하신다면 조금 실망 하실수도 있겠지만 또 그렇지 않으신 분들에게는 기호성이 딱 알맞지 않을까 싶어요 주로 상추와 쌈 싸먹을때에 같이 해서 먹어줬구요 소량껏 주문해서 부담없이 남김없이 한장도 버리지 않고 잘 먹었어요 지금도 일부는 녹아서 오다보니 아무래도 한여름처럼 푹푹 찌는 더위에는 구매 하기 좀 어려울것 같다고 생각이 되어집니다 글 읽어주셔서 감사합니다 구매에 도움이 되셨으면 좋겠습니다,Four
향긋함이 가득한 곰곰 갭 밀양 깻잎 입니다 밀양의 특산품인 밀양 깻잎으로 향긋함을 즐길 수 있습니다 이 제품은 농산물 우수관리 인증을 받은 제품으로 원료 선별부터 포장까지 꼼꼼하게 관리됩니다 일교차가 큰 밀양에서 자란 밀양 깻잎은 잎이 두툼해 씹는 맛이 일품입니다 고소하고 향긋한 깻잎으로 입맛을 돋워 줍니다 믿을 수 있는 갭 인증 농가에서 자란 밀양 깻잎을 엄선했습니다 진한 향긋함을 안심하고 즐길 수 있습니다 밀양 깻잎은 서늘한 곳에 보관해 주시면 됩니다 요즘 상추값이 너무 올라서 깻잎을 더 자주 애용하게 됩니다 고기를 좋아하는 집이라 곁들일 쌈채소로 함께 즐기고 있네요 그렇게 싱싱하지는 않아 별 한개 뺍니다,Four
맛 만족도 보통이에요,Four
요약 양이 가격 대비 적음 싱싱함 크기가 일정함 전체적으로 퀄리티가 좋음 태풍이 온다고 해서 그냥 집에서 밥을 만들어 먹을까 싶어서 샤브샤브 해 먹으려고 결정을 했습니다 샤브샤브하면 월남쌈이 꼭 들어가야 전 만족스럽더라구요 월남쌈 키트를 사기는 했지만 사진을 보니 양이 적을 것 같아서 집에 양파가 있고 깻잎은 없는데다가 깻잎을 좋아하는 편이라서 같이 구매하는게 좋을 것 같다는 생각이 들더라구요 바로 주문한 날 다음 새벽에 오더라구요 바로 배송 온 제품을 뜯어보니 생각보다 가격대비 양이 적은 것 같았습니다 사실 장 정도면 그렇게 양이 적은 것도 아니고 인 기준으로 괜찮은 편이지만 오프라인 야채가게에서 파는 거에 비하면 조금 가격대비 양이 적은편이더라구요 그래도 급하게 구매한 거라 만족스럽습니다 특히 다 전체적으로 싱싱한데다가 깻잎 크기가 특이하게 일정하더라구요 딱 쌈 싸먹기 좋은 깻잎들만 골라내어 담은 것 같은 느낌으로 직접 하나하나 다 검수한 것 같았습니다 전반적으로 퀄리티가 다 좋습니다,Four
쿠팡 박스 안에 작은 종이 상자가 들어 있어서 처음엔 제가 뭘 주문했나 어리둥절 했어요 박스를 열어보니 비닐포장 되어 있는 깻잎이 들어있더라구요 깻잎이 눌리지 않게 작은 박스 안에 넣어서 보내셨더라구요 상품을 소중히 생각하는 그 마음이 느껴져서 좋았어요 비닐포장 되어 깻잎이 마르지 않고 완전 싱싱하고 좋아요 저는 뭘 살때 리뷰를 보고 사는 편이라 다른 분들이 물건을 살때 참고하고 구매할 수 있도록 리뷰를 자세히 써요 이것 또한 내돈내산 상품평입니다 도움이 됐으면 도움이돼요 를 눌러주세요,Four
곰곰 밀양 깻잎 구매후기 구매날짜 갯수 크기 한봉지에 장 들어있어요 깻잎크기는 보통 시장에서 구매하는 것보단 사이즈가 커요 배송 새벽 시에 주문해서 오후 시 도착 예상시간은 오후 시였는데 빠르게와서 기분좋았어요 이건 지역마다 차이가 있을듯해요 전 수도권 구매이유 닭갈비에 싸서먹고 넣어서먹고 하려고 깻잎 고르던중 제일 저렴 해서 주문한 깻잎이예요 저는 깻잎에 대한 영양분 등에 대한 지식은 없고 그저 오로지 닭갈비에 향긋한 깻잎향 더해서 맛있게 닭갈비 먹고싶어 주문했습니다 양 반은 닭갈비에 넣고 반은 쌈으로 싸먹었는데 인가구 한끼 먹기엔 적당한 양이지만 깻잎 좋아하시거나 식구가 더 많으시다면 한봉지로 부족할것같아요 단점 깻잎 중간중간에 무른것도 아닌데 시커먼 반점같은게 많이 있어요 찝찝 깻잎향이 안나요 먹을때 여태먹은 깻잎들 보다 향이 약해요 재구매의사는 다시 깻잎먹을때 생각해볼게요,Four
상품명 곰곰 밀양 깻잎 개 주문일자 배송일자 로켓프레시 구매이유 가끔 회사에 도시락을 싸들고 다닐 때가 있는데 날이 더워져서 중단했다가 요즘 좀 선선해진 날씨에 다시 도시락이나 싸볼까 싶어 고민이 되더라고용 여전히 귀찮아서 망설여지긴 하지만 그래도 재료부터 사면 도시락을 싸겠지 하는 마음으로 평소 도시락을 쌀 때면 필수품으로 구입하던 깻잎부터 주문했습니다 근데 명절에 깻잎전 만드느라 써버림 다시 구입해야할 것 같아용 상품평 이 깻잎만 받아봤을 때는 싱싱하고 좋다고 생각했는데 깻잎전을 하려고 먼저 사온 시장 깻잎과 비교해보니 너무 빳빳하고 작은 느낌이더라구요 억센 느낌 개인적으로 채소는 억센 느낌이 들면 좀 별로라서 저는 별 하나 뺐어요 추천여부 그래도 재구매는 할 것 같아요 내돈내산으로 구입한 제품들을 사용해본 후 솔직하게 작성한 후기입니다 후기가 상품 구매에 도움이 되셨으면 도움이 돼요 를 눌러주세요,Four
맛 만족도 예상보다 맛있어요,Four
내 돈 내 산 후기입니다 주문 일 년 월 일 배송 완료 일 년 월 일 원산지 국내산 중량 구매 이유 집에서 닭갈비 만들어 먹는데 넣어 먹기 위해 구매 하게 되었습니다 섭취 후기 싱싱한 깻잎이 배송 되어 왔습니다 쿠팡에서 깻잎을 여러 번 시켜 먹어 봤는데 가끔 상해서 오는 것들이 있어서 아쉬웠던 적도 있었는데 이번 제품은 그런 부부 없이 싱싱하게 배송 되어 와서 너무 좋았어요 깻잎의 크기는 작지도 크지도 않은 크기였습니다 저는 닭갈비를 만들 때 잘게 잘라서 넣어 먹기도 하고 닭갈비를 싸서 먹기도 했는데요 깻잎 향이 적당히 나서 맛있게 잘 먹었습니다 질긴 깻잎이 아니어서 더 좋았습니다 양도 적당히 끼 먹을 수 있는 양이어서 싱싱하게 먹을 수 있었던 거 같아요 재 구매 의사 있습니다 이미지는 제품의 상태가 궁금하신 분들을 위해 첨부합니다 제 후기가 많은 분들에게 도움이 될 수 있었으면 좋겠습니다,Four
맛 만족도 맛있어요,Four
요즘 캠핑 다닌다고 깻잎을 자주 사는거 같아요 쌈채소는 좀 과할때가 많아 가볍게 깻잎 사갈때가 많아요 사람들 많을때는 쌈채소를 사는데 저희집 식구만 먹을때는 대부분 남겨서 결국 버릴때가 많더라고요 저희집 식구 기준은 이 깻잎이 양이 딱이더라고요 이번에 배송 온 깻잎은 크기가 좀 크더라고요 조금씩 크기가 섞여있긴 하던데 상태 다 좋고 괜찮았어요 아 끝에 조금 눌려졌는지 상한게 조금 있긴 했는데 조금이라 양호했어요 포장은 이번에 특이하게 은박포장에 해왔더라고요 냉동식품 포장같이 해서 와서 잘못 배달온줄 알았네요 이렇게 뽁뽁이 은박 포장에 왔는데 왜 상했지 의아했네요 순간 뭐지하고 뜯어보고 깻잎인줄 알았어요 깻잎 가끔 너무 두껍거나 그래서 쓴것들이 있던데 그런거 없이 맛나게 고기 쌈싸서 잘 먹었어요 또 시켜 먹을께요,Four
주문 날짜 배송 날짜 닭갈비 해먹으려고 사는김에 깻잎도 같이 넣어 먹으면 맛있으니까 같이 주문 했어요 깻잎향은 언제나 옳지만 한번 씩 겉은 되게 싱싱한데 속에 껴 있는 무른 깻잎 아시져 갈색깻잎 아쉽게 그게 한장이 아닌 네장정도 있었어요 그래도 잘 해먹었지만 깻잎이 녹은게 살 짝 아쉽따 에요 무튼 여기까지 얘기하고 이제 진짜 리뷰를 작성 해 볼게요 장점 가격 뭐 저렴하게 구매한거 같아용 향 깻잎 향은 언제나 좋져 딱 봉투 열면 깻잎 향이 솔솔 양 양은 많지는 않았지만 적지도 않은 적당한 양이였어요 많으면 남기도 하고 적으면 또 모자라는데 딱 알맞은 양이에요 제가 생각한 장점은 요기까지 인거 같아요 그리고 뭐 굳이 단점을 하나 쓰자면 신선도 맨 위에 말했다시피 깻잎 몇 장이 녹아 있어서 좀 아쉬웠어요 싱싱하길 바랬는데 다음에는 신선하길 여기 까지 제 리뷰였습니다 제 리뷰가 도움이 되셨다면 좋겠습니다,Four
안녕하세요 쿠팡 리뷰어 루우브예요 오늘은 내돈내산 밀양 깻잎 리뷰를 해볼게요 향긋함이 가득한 곰곰 밀양 깻잎 진한 향긋함이 일품 일교차가 큰 밀양에서 자란 밀양깻잎은 잎이 두툼해 씹는맛이 일품이예요 인증 농가에서 자란 밀양깻잎 믿을수있는 인증 농가에서 자란 밀양깻잎을 엄선해서 진한 향긋함을 느낄수있어요 밀양 깻잎은 다른 깻잎보다 잎도 크고 도톰하며 향도 더 진해요 제 상품평이 여러분께 조금이라도 도움이 되시기를 바라며 추천 꾸 욱 부탁드려요 감사합니다,Four
로켓후레쉬로 다른 식품과 함께 배송이 왔습니다 배송 오자마자 다른식품들과 꺼내 보다가 깻잎의 상태를 보고 걱정이 되더군요 맨윗장 깻잎 가운데 부분이 색이 진하더라구요 위 사진들처럼 천천히 한장한장 꺼내보니 걱정 한것처럼 상태가 안 좋았어요 혹시나 아이스팩 때문에 그런건가 싶었는데 깻잎 아래있는 오이는 상태가 괜찮더라구요 아이스팩 때문에 얼어서 변했다면 오이도 똑같이 지난번에 배송온것 처럼 되어야하는데 오이는 멀쩡했거든요 깻잎을 씻다보니 중간중간 깻잎의 상태가 괜찮은것들이 한장씩 나왔어요 깻잎 향은 진하고 상태 멀쩡한거는 싱싱해보였는데 색이 바래고 상해보이는 것은 반이상이었네요 이번 깻잎은 반은 버리고 반만 먹었답니다 배송할때 제품의 상태를 잘 확인 또는 아이스팩으로 얼수 있는 것들은 잘 포장 분리를 잘 하셔야 할것 같아요 이번 깻잎은 너무 아쉬웠습니다,Four
곰곰 밀양 깻잎 개 배송완료일 개당중량 품질 보통 종류 깻잎 손질상태 일반 구매 이유 저녁 반찬으로 제육볶음을 하기로 해서 쌈싸먹을 야채구입중 깻잎을 워낙에 좋아해서 곰곰 밀양깻잎을 추가 구매하게 되었습니다 기존에 깻잎보다는 확실히 두꺼운 깻잎이 도착 했습니다 밀양깻잎의 특징이 좀 두껍다고 하네요 보기에는 억세보이고 너무 두꺼워보였는데 맛은 괜츈 또 야채인데 냉동식품과 같이와서 살짝쿵 얼은거처럼 잎쪽이 꺼뭇하게 되어있어 별한개 뺐네요 맛은 그냥 깻잎맛이고 보는거 보다는 억세지않아서 다른야채들과 쌈싸먹는데 모두 이용하였습니다 체크 포인트 향긋함이 가득한 곰곰 밀양 깻잎 밀양의 특산품인 밀양 깻잎의 향긋함을 즐겨보세요 진한 향긋함이 일품 일교차가 큰 밀양에서 자란 밀양 깻잎은 잎이 두툼해서 씹는 맛이 일품이예요 고소하고 향긋한 깻잎으로 입맛을 돋워보세요 인증 농가에서 자란 밀양 깻잎 믿을수있는 농강서 자란 밀양 깻잎을 엄선 진한 향긋함을 안심하고 즐겨보세요 리뷰가 도움이 되셨다면 도움이돼요를 클릭 부탁드리겠습니다,Four
곰곰 밀양 깻잎 내돈 내산 솔직리뷰 상품명 곰곰 밀양 깻잎 구매일자 구매가격 일천오백구십원 용량 봉 구매이유 고기 쌈싸먹는용으로 구매했어요 후기 깻잎을 종종 로켓프레시로 구매했었는데요 깻잎은 양이 가늠이 안되서 고민하다 구매했어요 인 가족 고기랑 한번 쌈사먹기 적당한 양이네요 깻잎 상한곳은 없었는데 아이스팩이랑 너무 바로 닿아서 그런지 뒷부분이 얼어버렸더라구요 한 장 정도 그렇게 되서 반 자르고 먹었어요 신선한 깻잎 재구매의사 있어요 내돈 내산 후기가 도움이 되면 도움이 돼요 부탁드려요,Four
김밥 자주 해먹는데 오랜만에 참치김밥 해먹을려고 깻잎 주문했어요 생각보다 양이 많아요 많이 남아서 다른 요리에 활용해야 될듯 싶네요 깨끗하고 신선한데 향이 좀 덜해서 별하나 뺐습니다 조금 느끼할수도 있는 참치김밥에 스리라차 소스 살짝 곁들이니 너무 맛있어요 츄릅 나머지는 마음에 들어요 잘 먹었습니다,Four
맛 만족도 맛있어요,Four
남편 도시락을 매일 싸다보니 반찬때문에 항상 고민입니다 베이컨말이를 하려고 이것저것 준비했어요 팽이버섯베이컨이나 새우베이컨말이는 자주 해봤지만 이번에는 야채들을 좀 더 넣어보기로 했습니다 베이컨 바로 위에 깻잎 깔아주고 파프리카와 팽이버섯 올려서 돌돌 말아주기 매콤한 맛을 좋아해서 절반은 청양고추를 길게 잘라서 한줄기씩 넣어줬어요 좀 얇게 썰어서 그런지 많이 맵지는 않았고 매콤한맛이 아주 살짝 도는정도였습니다 여유있게 만들어서 냉동실에 보관하면서 도시락 반찬으로 아주 잘 먹었습니다 또 어떤 쟤료를 넣어볼까 고민중입니다,Four
곰곰 밀양 깻잎 개 배송완료일 개당중량 품질 보통 종류 깻잎 손질상태 일반 구매 이유 저녁 반찬으로 제육볶음을 하기로 해서 쌈싸먹을 야채구입중 깻잎을 워낙에 좋아해서 곰곰 밀양깻잎을 추가 구매하게 되었습니다 기존에 깻잎보다는 확실히 두꺼운 깻잎이 도착 했습니다 밀양깻잎의 특징이 좀 두껍다고 하네요 보기에는 억세보이고 너무 두꺼워보였는데 맛은 괜츈 또 야채인데 냉동식품과 같이와서 살짝쿵 얼은거처럼 잎쪽이 꺼뭇하게 되어있어 별한개 뺐네요 맛은 그냥 깻잎맛이고 보는거 보다는 억세지않아서 다른야채들과 쌈싸먹는데 모두 이용하였습니다 체크 포인트 향긋함이 가득한 곰곰 밀양 깻잎 밀양의 특산품인 밀양 깻잎의 향긋함을 즐겨보세요 진한 향긋함이 일품 일교차가 큰 밀양에서 자란 밀양 깻잎은 잎이 두툼해서 씹는 맛이 일품이예요 고소하고 향긋한 깻잎으로 입맛을 돋워보세요 인증 농가에서 자란 밀양 깻잎 믿을수있는 농강서 자란 밀양 깻잎을 엄선 진한 향긋함을 안심하고 즐겨보세요 리뷰가 도움이 되셨다면 도움이돼요를 클릭 부탁드리겠습니다,Four
곰곰 밀양 깻잎 내돈 내산 솔직리뷰 상품명 곰곰 밀양 깻잎 구매일자 구매가격 일천오백구십원 용량 봉 구매이유 고기 쌈싸먹는용으로 구매했어요 후기 깻잎을 종종 로켓프레시로 구매했었는데요 깻잎은 양이 가늠이 안되서 고민하다 구매했어요 인 가족 고기랑 한번 쌈사먹기 적당한 양이네요 깻잎 상한곳은 없었는데 아이스팩이랑 너무 바로 닿아서 그런지 뒷부분이 얼어버렸더라구요 한 장 정도 그렇게 되서 반 자르고 먹었어요 신선한 깻잎 재구매의사 있어요 내돈 내산 후기가 도움이 되면 도움이 돼요 부탁드려요,Four
김밥 자주 해먹는데 오랜만에 참치김밥 해먹을려고 깻잎 주문했어요 생각보다 양이 많아요 많이 남아서 다른 요리에 활용해야 될듯 싶네요 깨끗하고 신선한데 향이 좀 덜해서 별하나 뺐습니다 조금 느끼할수도 있는 참치김밥에 스리라차 소스 살짝 곁들이니 너무 맛있어요 츄릅 나머지는 마음에 들어요 잘 먹었습니다,Four
맛 만족도 맛있어요,Four
남편 도시락을 매일 싸다보니 반찬때문에 항상 고민입니다 베이컨말이를 하려고 이것저것 준비했어요 팽이버섯베이컨이나 새우베이컨말이는 자주 해봤지만 이번에는 야채들을 좀 더 넣어보기로 했습니다 베이컨 바로 위에 깻잎 깔아주고 파프리카와 팽이버섯 올려서 돌돌 말아주기 매콤한 맛을 좋아해서 절반은 청양고추를 길게 잘라서 한줄기씩 넣어줬어요 좀 얇게 썰어서 그런지 많이 맵지는 않았고 매콤한맛이 아주 살짝 도는정도였습니다 여유있게 만들어서 냉동실에 보관하면서 도시락 반찬으로 아주 잘 먹었습니다 또 어떤 쟤료를 넣어볼까 고민중입니다,Four
간만에 참치 김밥이나 불고기 김밥 해먹으려고 깻잎을 주문했어요 오늘 당일 배송되었고 큼지막한 깻잎이 장이 들었어요 생각보다 많이 안들어있어서 봉지를 더 시킬걸 그랬어요 아직 먹어보지는 않았지만 깻잎 뒷면이 붉은것이 맛있다는 얘기를 어디서 들은것 같은데 맛이 어떨지 궁금하네요 깻잎향은 생각만큼 짙지가 않아 개인적으로는 좋네요 추가글 넘 커서 좀 잘라서 참치김밥 만들어 먹었어요,Four
곰곰 밀양 깻잎 로켓프레쉬로 자주 시키는 제품 중 하나에요 요즘 쌈채소 비싼거 아시죠 마트가서도 조금들은 것이 가격이 꽤 나가더라구요 평소 쌈채소를 즐겨먹는 편이라 깻잎도 주문해보았어요 배송은 뽁뽁이에 감싸져서 꼼꼼하게 왔는데 아무래도 오는 과정이나 포장과정에서 치였는지 날씨가 추워져서 그런건지 잎이 두개정도 상했더라구요 장들어있었고 깻잎향이 엄청 진하지는 않았어요 그래도 먹는데에는 지장없었습니다 부드러운 깻잎은 아닌거같아요 엄청 질기진않아요,Four
장마에 태풍에 요즘 채소값이 금값인데 그나마 쿠팡은 큰 폭이 없는거 같아서 쿠팡에서 구매했어요 깻잎을 여러번 구매했었는데 이번 깻잎은 꾀나 작은편이에요 제가 손이 작은편인데 제 손바닥만하네요 그리고 살짝 시들했어요 살짝 시들한건 씻어서 키친타올깔고 냉장보관해두면 다시 파릇하게 살아나니 저에게 큰 문제는 안되는데 그것보단 아이스팩이랑 밀착되어 배송되어서 깻잎 몇장이 냉해를 좀 입은점이 아쉽습니다 어찌된일인지 애플민트같은 아기깻잎이 사이에 껴있어서 넘 귀여웠네요 그 외는 만족하며 이용 중 입니다,Four
맛 만족도 괜찮아요,Four
재구매 깻잎이 크고 싱싱한편 입니다 향은 중간정도 뻣뻣하지 않습니다 이라 양은 보통 상태 양호합니다 고기 쌈으로 싸먹을때 꼭 필요한 깻잎 굿굿,Four
마감세일로 저렴하게 구매했어요 솔직히 퀄리티는 기대 안했는데 깻잎 상태도 좋은 편이었고요 사진에서 보면 사이드쪽에 색이 좀 다른 걸 볼 수 있는데 제 추측으로는 아이스팩의 겉표면 물이 닿아서 변색되지 않았을까 싶더라고요 그것만 빼면 전체적인 퀄리티는 참 좋았고 양도 굉장히 많습니다 저는 집에서 닭갈비 조리해먹을 때 넣어도 먹고 쌈 싸서도 먹었어요 크기도 적당하니 만족스럽습니다 내돈내산 제 후기가 도움이 되었다면 버튼 한 번씩만 눌러주세요 감사합니다,Four
밀양 깻잎 전국에서 깻잎 수확량이 제일 많은 곳이 밀양인데요 향긋한 향과 맛이 일품인 밀양 깻잎을 구매해서 먹었어요 장점은 향이 정말 우리가 생각한 향긋한 깻잎향 그 자체인데요 쭈꾸미와 함께 쌈 싸먹기 위해 주문했는데 크기가 너 무 컸어요 그래서 그 부분이 좀 아쉬웠어요 그래서 중간 중간 작은 크기의 깻잎은 쭈꾸미 쌈을 싸먹고 나머지 큰 부분은 참치김밥을 싸먹었어요 근데 향이 정말 깊어서 너무 맛있었어요 저의 리뷰가 도움이 되었으면 좋겠습니다,Four
맛 만족도 예상보다 맛있어요,Four
곰곰 밀양 깻잎 봉 김밥에 넣으려고 구매했구요 깻잎은 솔직히 많이 먹진 않아서 양이 제일 작은걸로 고르다보니 이걸로 선택했습니다 속에것은 싱싱한편이나 겉에 있는건 약간 시들한 편이고 두장정도는 테두리가 거뭇하게 있습니다 가위로 잘라서 먹어도 되니 크게 문제되진 않았어요 김밥쌀때 깻잎 안넣으면 맛이 없거든요 꼭 넣는데 요번에도 넣었더니 깻잎향이 가득해서 맛있네요 그래도 만족하는편입니다,Four
깻잎에 쌈을 싸먹으면 특유의 향 때문에 더 향긋하게 음식을 먹을 수 있는거 같아요 배송시 보기에 괜찮았는데 그날 저녁에 먹으려고 보니 조그맣게 까맣게 변해있어 곰곰히 생각해보니 냉동실에 있던 고기를 빼놓은게 깻잎에 살짝 닿았었던거 같아요 그래서 약간 언듯이 그렇게 변한거 같아요 상한게 아니라 씻어서 그대로 먹었어요 맛이나 식검이나 촉감 상으로 아무 문제 없었어요 담부터는 보관도 신경써서 잘해야겠어요 오늘은 고기는 제쳐두고 회랑 같이 깻잎에 쌈 싸먹었네요 날도 쌀랑하고 해서 간만에 어시장 가서 회 떠와서 깻잎에 쌈싸서 먹으니 너무 맛나네요 전 고기 먹을때보다 회 먹을때 깻잎이 더 생각나더라고요 고기는 여러가지 같이 어울려 먹을게 많은데 회는 그렇지 않아서 그런거 같기도 해요 깻잎 남기면 다시 바로 먹기가 힘들어 결국 버리는 경우가 많아 제일 작은 양으로 시켰더니 회 한끼 먹는데 맞춰서 딱 떨어지네요 맛나게 잘먹었어요,Four
아주 신선한 상태의 깻잎은 아니었어요 받고 나서 바로 개봉했는데 잎이 약간 힘이 없고 시들한 느낌이 들더라고요 어디 무른 곳은 없었지만 잎 자체의 힘이 부족한 느낌이 들었어요 그래서 물에 조금 넣어두고 잎이 어느정도 살아난 후에 먹었네요 곰곰 밀양 깻잎 갯수는 장 정도 들어가 있었어요 요즘 야채값 비싼거 생각하면 어느정도는 만족합니다 근데 시장에서 사는거 보다는 양 생각하면 그리 저렴하지는 않네요,Four
맛 만족도 괜찮아요,Four
싱싱하고 연하고 향긋해요 종이상자에 넣어져와서 그런지 상한부분 하나도없이 너무 싱싱하게 잘 받았어요 다져서 계란말이에도 넣어먹고 고추장삼겹살에도 넣어먹고 너무 죠아요 깻잎,Four
포장은 뽁뽁이에 따로 감싸서 아이스팩에 젖은 것 같진 않은데 처음 꺼낼때부터 저렇게 끝이 젖은 것 처럼 상해있었어요 한두장도 아니고 꽤 많이 상했네요 깻잎 포장시에 좀 더 신경써주세요 차돌박이숙주찜에 넣어 먹을 용으로 구입했는데 고기에 느끼한 맛을 깻잎향이 잡아줘서 맛있었어요 다만 사용 못한 부분이 많아서 아쉬웠어요,Four
야채 많이 사면 한 번에 다 못먹어서 소량씩 한번 먹을 양만 삽니다 인가족 한두번 먹을 양이라 좋습니다 먹다가 시들어 버리면 아까우니까요 딱 적당한 양이라 필요할 때마다 사고 있습니다 아이스팩이랑 분리되게 넣어서 얼지 않고 싱싱하게 잘 받았습니다 쌈으로 보통 먹는데 질기지 않고 향도 좋고 맛있어요 많이 파세요,Four
싱싱해서 김밥싸는용도로 잘 썼어요 양이 너무 많으면 남겨서 버리는데 적당히 들어있어서 한번 먹는 용도로 좋네요 가격도 저렴하고요 깻잎 생으로 안먹는데 김밥안에 들어간건 아이도 잘 먹네요 김밥안에 깻잎 들어가면 소화도잘되는것같고 느끼함도 잡아주어 맛있는 김밥 만들수 있어 좋네요,Four
깻잎이 필요해서 주문했어요 기대한 만큼은 아니었지만 쉽고 빠르게 집에서 장을 볼 수 있다는 것이 감사하죠 바베큐 파티를 하는데 필요한 채소에 깻잎도 있어야 되어서 곁들여 놓았어요 최상품은 아니었지만 그런대로 잘 먹었습니다,Four
맛 만족도 보통이에요,Four
많이 싱싱하고 건강한 깻잎은 아니네요 사이즈는 손바닥만하고 큰데 한두장이 물러서 끝이 시커멓게 골았어요 끝부분이 뭉개지는정도로 짓이겨지네요 많이 싱싱하진않아요 향도 강하지 않았어요 닭갈비에 잘라넣을거라 향이 강했으면 했는데 만족스럽진 않았어요,Four
깻잎 끝쪽이 물러진것처럼 색이 변했어요 아이스팩 얼음때문에 언게 아닌가 싶어요 야채들은 얼음이랑 안 닿아야하는데 그래도 테두리쪽이라 잘라내고 먹었어요 크기도 적당하고 테두리말고는 신선도 괜찮은거 같아요 분의 이 날라가버렸지만,Four
내돈내산 리뷰 최근 건강한 식재료에 관심을 가지면서 신선하고 믿을 수 있는 농산물을 찾고 있었습니다 그러던 중 곰곰 인증 밀양 깻잎 을 발견하게 되었습니다 깻잎은 다양한 요리에 활용할 수 있어 우리 가족이 자주 먹는 채소 중 하나입니다 특히 아이들이 깻잎을 좋아해서 식탁에 자주 올리는데 이왕이면 신뢰할 수 있는 제품을 선택하고 싶었습니다 농산물우수관리 인증을 받았다는 점에서 안심하고 선택할 수 있었고 깻잎 특유의 향과 신선함을 유지할 수 있을 것이라는 기대감으로 구매하게 되었습니다 장점 인증 인증을 받은 제품이라 재배부터 수확 유통까지 안전성이 보장되어 안심하고 먹을 수 있습니다 신선도 포장을 열었을 때 깻잎의 신선함이 그대로 유지되어 있어 식탁에 올렸을 때도 훌륭한 맛과 향을 느낄 수 있습니다 깔끔한 포장 깔끔하게 포장되어 있어 꺼내서 바로 사용할 수 있으며 남은 양은 보관하기도 용이합니다 다양한 요리 활용 깻잎 특유의 향과 맛 덕분에 다양한 요리에 활용할 수 있어 요리의 풍미를 더해줍니다 합리적인 가격 품질 대비 가격이 합리적이라 부담 없이 자주 구매할 수 있습니다 단점 유통 기한 신선식품인 만큼 유통 기한이 짧아 빠르게 소비하지 않으면 시들 수 있습니다 구매 총평 곰곰 인증 밀양 깻잎은 신선함과 안전성을 모두 갖춘 제품으로 가족의 식탁에 올리기에 적합한 채소입니다 인증 덕분에 더욱 안심하고 먹을 수 있으며 다양한 요리에 활용하기에도 좋은 제품입니다 가격도 합리적이어서 자주 구매할 수 있고 깔끔한 포장으로 사용과 보관이 용이합니다 신선한 깻잎을 찾고 계신다면 이 제품을 추천드립니다 제품을 구매하시는데 도움이 되셨다면 도움이 돼요 버튼 부탁드립니다,Four
곰곰 브랜드는 믿을 수 있는 품질을 제공한다고 생각해요 인증이라는 점에서 신뢰가 갔고 이 깻잎도 그 기대를 저버리지 않았습니다 한 팩으로 적당한 양이어서 다양한 요리에 활용하기 좋았어요 포장 상태도 정말 깔끔하게 되어 있었고 신선함을 유지하기 위해 잘 밀봉되어 있었어요 마트에서 받아온 후에도 신선하게 보관할 수 있었던 점이 좋았어요 깻잎을 개봉했을 때 향긋한 풀내음이 진하게 나서 정말 좋았어요 깻잎의 잎이 크고 싱싱하며 색깔이 고르고 선명해서 보는 것만으로도 신선함이 느껴졌습니다 저는 깻잎을 활용해 다양한 요리를 하는데 특히 집에서 자주 만드는 쌈밥 김치찜 그리고 깻잎 무침 등에서 그 맛과 질을 느낄 수 있었어요 쌈밥을 만들 때 사용했는데 깻잎이 너무나도 신선하고 향긋해서 밥과 고기 다양한 반찬과의 조화가 좋았어요 깻잎의 식감이 부드럽고 질기지 않아서 한 장 한 장 쌈으로 만들어 먹기에도 부담이 없었어요 깻잎이 신선하니 그 자체로도 맛있고 고기와 쌈장을 함께 싸먹으니 더 맛있었어요 특히 가족들이 정말 좋아해서 금세 다 먹어버렸답니다 또한 깻잎 무침을 해봤는데 이 깻잎이 정말 맛있더라고요 조미료나 양념 없이도 깻잎의 본연의 맛이 잘 살아있어서 무침을 했을 때도 아주 맛있었어요 살짝 간장과 참기름에 무치고 고추와 마늘을 넣어 버무렸는데 깻잎의 향과 풍미가 잘 어우러져 아주 맛있었습니다 깻잎 자체의 신선함 덕분에 무침의 맛이 한층 더 깊어졌어요 밀양 깻잎이 이렇게 맛있고 신선한 이유는 바로 지역 특성과 재배 방식 덕분인 것 같아요 밀양 지역에서 자생적으로 잘 자라는 깻잎이라 그런지 깻잎 특유의 향이 더 진하고 맛이 풍부한 느낌이었어요 인증을 받은 만큼 안전성과 품질도 확실히 보장되는 느낌이 들었어요 가격도 합리적이라 좋았어요 의 양으로 가정에서 적당히 사용할 수 있고 신선한 재료를 합리적인 가격에 구매할 수 있다는 점이 매우 만족스러웠어요 신선한 깻잎을 자주 사용하는 가정에서는 경제적이면서도 품질이 좋은 이 제품을 추천드리고 싶어요 총평하자면 곰곰 인증 밀양 깻잎은 신선하고 맛이 훌륭한 제품으로 다양한 요리에 활용하기 좋고 품질도 뛰어나서 매우 만족스러웠어요,Four
꼭지가 좀 신선하진 않았지만 잘라내 버리고 먹으면 되서 상관은 없었네요 한 두번 먹을 양이라 썩혀 버릴 일 없어 좋아요 소량씩 구매해요 향도 좋고 부드러워서 맛도 식감도 좋았습니다 많이 파세요,Four
맛 만족도 예상보다 맛있어요,Four
혼자 한끼 쌈싸먹기 딱 좋아요 아주 신선한건 아니었지만 적당히 신선했어요 씻어서 버섯불고기 구워서 쌈을 싸먹었는데 맛있었어요 상추와 같이 싸서 먹으니 더 맛있었구요,Four
야채는 앞으로 할인하면 사지 말아야할듯 깻잎은 거의 고기 싸먹으려고 많이들 구입하는데 많이 진물러서 골라내고 두부조릴때 같이 양념해서 먹어야할듯 향은 좋던데 많이 아쉬워요,Four
깻잎향은 그다지 나지 않지만 나름 싱싱한 편에 드네요 깨끗하게 세척하고 채썰어서 오랜만에 월남쌈 해서 먹었어요,Four
감자탕 끓이기 위해 구매 아주 싱싱한 건 아니었지만 물로 씻고 나서 살아 났어요 적당한 양 한번 사용할 정도로 알맞아요 잘 먹을게요 많이 파세요,Four
맛 만족도 괜찮아요,Four
쌈 싸먹었어요 깻잎도 싸먹으면 고소해요 하루지나서 씻어먹는데 하루지나서그런지 밖에서 부터 이 상태였는지 몰겠지만 좀 덜 싱싱한 느낌이네요 진짜 싱싱한 깻잎은 흐르는 물에 씻으면 물이 겉에 튕겨 나가는데 이건 약간 축 처진 느낌이네여 그래도 그냥저냥 보통정도는 되서 쌈은 맛나게 싸먹었어요,Four
주말동안 장을 안 보아서 집에 먹을 것이 없더라구요 퇴근 후 장 보러 가기도 너무 번거롭고 해서 애용하는 쭈꾸미 볶음을 주문했어요 쭈꾸미 볶음에는 뭐니뭐니 해도 깻잎으로 싸 먹는 것이 저는 제일 맛있더라구요 어차피 많이 필요하진 않으니 주문하면서 로켓프레쉬 상품 중 제일 적은 양을 주문했어요 그램이 얼마정도인지 가늠이 안됐는데 한장 한장 세어보니 장 이었습니다 맨 처음 깻잎은 살짝 시들한 느낌이었는데 뒤로는 싱싱했구요 크기는 제 손바닥 정도 되는 것 같아요 급할때 편하게 저렴하게 구입해서 먹기 적당한 깻잎입니다,Four
맛 만족도 괜찮아요,Four
곰곰 밀양 깻잎을 구매해본 후 그 품질과 맛에 대해 깊은 인상을 받았습니다 이 리뷰를 통해 제가 경험한 바를 소개하고자 합니다 먼저 의 이 제품은 신선함이 느껴지는 포장으로 배달되었습니다 깻잎 하나하나가 신선하고 색깔이 생기 넘치며 촉감도 아주 좋았습니다 신선한 깻잎의 향이 주방을 가득 메울 때 마치 푸른 밀양의 들판에 서 있는 듯한 기분이 들었습니다 이 깻잎을 다양한 요리에 사용해보았는데 특히 쌈으로 먹었을 때 그 맛이 일품이었습니다 고기와 함께 싸 먹으면 깻잎 특유의 향긋함이 고기의 맛을 한층 더 업그레이드 시켜주었습니다 또한 깻잎김치를 담그기에도 이만큼 좋은 재료는 없었던 것 같습니다 깻잎 한 잎 한 잎이 김치 양념을 완벽하게 흡수해 입안 가득 퍼지는 맛이 무척이나 인상 깊었습니다 이 제품의 또 다른 장점은 인증을 받았다는 것입니다 이는 제품이 안전하고 품질이 보장되며 친환경적인 방식으로 재배되었다는 것을 의미합니다 이러한 점은 건강을 생각하는 소비자들에게 큰 안심을 줍니다 곰곰 밀양 깻잎을 사용하면서 느낀 것은 단순한 식재료를 넘어서는 경험이었습니다 매 끼니마다 이 깻잎을 사용하면서 식사가 더욱 특별하고 의미 있는 시간으로 변했습니다 깻잎 한 잎 한 잎에는 밀양의 자연이 그대로 담겨 있는 듯했고 이는 매 식사를 건강하고 맛있는 여정으로 만들어주었습니다 마지막으로 이 제품을 구매하면서 느낀 것은 신선함과 품질의 중요성입니다 곰곰 밀양 깻잎은 그 어떤 깻잎보다도 신선하고 품질이 뛰어났으며 이는 제 요리를 더욱 풍성하게 만들어주었습니다 요리를 좋아하는 분이라면 이 제품을 사용해보시는 것을 적극 추천합니다,Four
맛 만족도 괜찮아요,Four
곰곰 인증 밀양 깻잎 팩 주문할때 마다 매번 신선하고 포장도 깔끔했는데 이번에는 깻잎이 신선하지 않더라고요 다행이 쌈싸먹으려고 주문한게 아니라 닭볶음탕에 넣으려고 주문한거라 크게 상관은 없었지만 그래도 아쉬웠어요,Four
맛 만족도 맛있어요,Four
요즘 채소값이 사악하지만 쌈은 먹어야 하기에 구매했어요 그램이라 양은 넉넉한데 크기 실화인가요 쌈싸먹기에 넘나 크네요 성인 남성 얼굴을 다 가릴사이즈 뜨헉 했지만 그래도 신선해요,Four
싱싱하고 맛있어서 필요시 종종 구매하고 있어요,Four
집에 돼지고기가 있었습니다 집에 깻잎도 있었어요 소금 후추 팍팍 뿌려 구워서 깻잎이랑 쌈싸 먹으니 왜케 맛있던지 집에 고기는 많이 남아있었고 깻잎은 다먹고 없었습니다 그래서 곰곰 밀양 깻잎을 다시 샀어요 엄마가 그 사이 고기를 양념에 재우셨습니다 제 기준 깻잎에 싸먹는건 그냥 소금 후추만 한 고기여야하는데 어쩔수 없이 양념 고기를 올려먹었는데 그것도 그런대로 맛이 괜찮았네요 깻잎 향도 진하고 크기도 한번 쌈싸먹기 좋은 크기라 좋았어요 신선하기도 했고 소량씩 팔아서 썩혀서 버리는 일 없어서 좋습니다 맛잇게 잘 먹었어요 깻잎 뒤집어서 싸먹으면 훨씬 맛있다고 들어서 뒤집어서 싸먹어봤는데 뒤집으나 안뒤집으나 맛이 비슷한거 같았습니다,Four
급하게 깻잎이 필요해 구매했는데 이렇게 좋은 제품이 올지 몰랐어요 장점 아주 좋은 양 이라고 했을 때 양이 얼만큼인지 몰랐는데요 꽤나 넉넉하면서 금방 먹을 수 있는 양이라 좋았네요 저번에 샀다가 너무 많아서 장아찌 해먹고 애먹었었는데 얘는 당일 날먹고 없애버리기 진짜 좋아요 인가구에 딱 적당합니다 미쳐버린 향 어쩜 이리 향긋한가요 향이 강한게 아니라 향긋함이 남다르네요 깻잎은 역시 향으로 먹는건데 깻잎 좋아하시는 분들이 만족스러워 할 만한 향입니다 단점 장이 접혀서 왔는데요 깻잎을 깨끗이 씻던 도중 마지막에 깔려있는 깻잎이 접혀서 왔습니다 근데 접힐 순 있는데 약간 비실비실한 깻잎이 장 들어있었어요 그 수분빠져서 약간 쪼그라든 깻잎 고의적으로 넣으신건지 아니면 어쩌다 이런게 들어간건지는 모르겠지만 좀 속상했어요 총평 저는 야채를 두고두고 먹는 걸 좋아하지 않습니다 거기에 아주 알맞은 양이 와서 정말 좋았어요 그리고 향도 참 좋아 즐겁게 즐겼습니다 다만 신선도에서는 만족스럽다고는 말씀드리기 어렵네요 이상 내돈내산 솔직 후기였습니다 읽어주셔서 감사합니다 늘 행복하세요,Four
완전히 얼어서 시커멓게 변했습니다 무료가 아닌 구매한 것이고 먹을 수 없을 정도여서 교환 요청했습니다 예전에 주문했던 밀양 깻잎은 향이 고소하고 신선했기 때문에 믿고 교환 요청했습니다 교환받는 깻잎은 싱싱하기를 바라며 별점은 높게 쏘겠습니다 싱싱한 깻잎으로 다시 잘받았어요,Four
맛 만족도 예상보다 맛있어요,Four
구매 이유 김밥에 넣어서 먹으려고 구매해서 일부러 제일 양이 작은 걸로 구매했어요 싱싱함 들어 있는 모든 깻잎이 다 시들시들했던 건 아니었는데 정도가 시들어 있어서 버렸어요 향 시들시들한 것들도 있었지만 시들지 않은 것들은 잎이 힘 없지 않고 깻잎향이 강하게 나더라구요 총평 거의 모든 식재료들은 쿠팡에서 구매하는 편인데 깻잎도 쿠팡으로 여러번 구매했지만 이번에 배송 된 제품이 가장 많이 시들어있었던 것 같아요 그래도 다른 거 안 해먹고 김밥 안에만 넣어 먹을 거라서 시든 깻잎 버리긴 했어도 양은 충분했습니다,Four
싱싱하네요 남편이 채소를 잘 안먹어서 고기 먹을때라도 같이 먹이려고 구매한 깻잎 너무 싱싱하고 좋습니다 크기도 작지도 크지도 않아 쌈싸먹기 적당해요 많이 파세요,Four
맛 만족도 맛있어요,Four
제품명 곰곰 밀양 깻잎 개 품질 신선한 제품으로 잘 왔습니다 깻잎 깻잎은 보통 참깻잎과 들깻잎으로 구분된다고 합니다 참깻잎의 경우 잎이 억세고 두꺼워 주로 한방에서 약재로 사용되고 우리가 마트에서 사다 먹는 제품은 들깻잎이라고 합니다 그러면 추부깻잎과 깻잎은 뭐가 다르냐 추부 깻잎은 그냥 깻잎 중에서 금산 추부 에서 재배된 깻잎을 뜻하는 거라고 하네요 꿀팁으로 깻잎의 대표적인 주요 산지는 금산과 밀양인데 여름철엔 금산깻잎이 겨울철엔 밀양 깻잎이 더 유명하다고 합니다,Four
안녕하세요 도전하는자 입니다 야채는 다 쿠팡에서만 사는데요 이번뽑기는 별루네요 열렸다 녹은건지 아이스팩에과 얼린상품들 사이에 오래 있던건지 상태가 별루지만 잘 떼어내고 먹겠습니다,Four
맛 만족도 괜찮아요,Four
구매 이유 김밥에 넣어서 먹으려고 구매해서 일부러 제일 양이 작은 걸로 구매했어요 싱싱함 들어 있는 모든 깻잎이 다 시들시들했던 건 아니었는데 정도가 시들어 있어서 버렸어요 향 시들시들한 것들도 있었지만 시들지 않은 것들은 잎이 힘 없지 않고 깻잎향이 강하게 나더라구요 총평 거의 모든 식재료들은 쿠팡에서 구매하는 편인데 깻잎도 쿠팡으로 여러번 구매했지만 이번에 배송 된 제품이 가장 많이 시들어있었던 것 같아요 그래도 다른 거 안 해먹고 김밥 안에만 넣어 먹을 거라서 시든 깻잎 버리긴 했어도 양은 충분했습니다,Four
싱싱하네요 남편이 채소를 잘 안먹어서 고기 먹을때라도 같이 먹이려고 구매한 깻잎 너무 싱싱하고 좋습니다 크기도 작지도 크지도 않아 쌈싸먹기 적당해요 많이 파세요,Four
맛 만족도 맛있어요,Four
제품명 곰곰 밀양 깻잎 개 품질 신선한 제품으로 잘 왔습니다 깻잎 깻잎은 보통 참깻잎과 들깻잎으로 구분된다고 합니다 참깻잎의 경우 잎이 억세고 두꺼워 주로 한방에서 약재로 사용되고 우리가 마트에서 사다 먹는 제품은 들깻잎이라고 합니다 그러면 추부깻잎과 깻잎은 뭐가 다르냐 추부 깻잎은 그냥 깻잎 중에서 금산 추부 에서 재배된 깻잎을 뜻하는 거라고 하네요 꿀팁으로 깻잎의 대표적인 주요 산지는 금산과 밀양인데 여름철엔 금산깻잎이 겨울철엔 밀양 깻잎이 더 유명하다고 합니다,Four
안녕하세요 도전하는자 입니다 야채는 다 쿠팡에서만 사는데요 이번뽑기는 별루네요 열렸다 녹은건지 아이스팩에과 얼린상품들 사이에 오래 있던건지 상태가 별루지만 잘 떼어내고 먹겠습니다,Four
맛 만족도 괜찮아요,Four
은 은 넘어서 정량 인거같아요 향은 강하지않아서 깻잎향이 약해요 깻잎이 엄청신선하고 그러진않네요 맛이 그냥 깻잎맛,Four
한줄평 그대로 깻잎은 싱싱했으나 이번건 쌈싸먹어보니 쓰고 쌉싸름한 맛이 입안 가득 퍼져 반갈라 싸먹었습니다 그래도 늘 맛있게 먹던 깻잎이라 또 구매할거에용,Four
아주 싱싱한 편도 아니고 좀 시들어 있는 느낌이었어요 향은 진한 편이에요 고기 볶을때 같이 넣고 볶거나 새콤달콤 봄동무침에 같이 넣고 무쳐서 먹으니 맛나요,Four
제품명 곰곰 밀양 깻잎 개 개 구매일 년 월 일 배송일 년 월 일 로켓프레시 구매가 원산지 국내산 먼저 구매했던 곳과는 다르게 떫은 맛도 없고 싱싱하고 맛있어요 랑군이 늘 제육볶음을 찾는 사람이라 깻잎은 쿠팡에서 신선제품 구매할 때 늘 구매하는데요 먼저 판매처와는 다르게 두개 모두 싱싱했어요 얼지도 시들지도 않았어요 추천합니다 재구매의사 있어요 도움이 되셨다면 도움이 돼요 꾸 욱 감사합니다,Four
얼었다 녹은건지 조금 덜 싱싱한게 와서 아쉽습니다 감자탕 해먹으려고 산거라 괜찮지만 쌈 싸먹으려고 샀으면 속상했을 뻔 합니다,Four
맛 만족도 보통이에요,Four
깻잎자체는 정말 신선하고 좋아요 오리로스 쌈무랑 같이 배송시켰는데 아이스팩을 쌈무위에 올리고 프레쉬박스덮개를 하고 그위에 깻잎을 올렸는데도 연약한 깻잎이 얼어서 다 물러져버림 바로 맞닿은 장정도만 버리면 될 줄 알았는데 사선으로 정리된 깻잎 옆면들이 전부 아이스팩에 얼었네요 아이스팩을 아래에 넣어줘야지 왜 쌈무 위에 똭 올리고 그위에 깻잎을 올린건지 뽁뾱이까지 잘 포장해주셨는데 너무 아깝 덕분에 우리 쌈무는 아주 신선하게 배송됐네요 쌈무위에 아이스팩 올려서 그대로 배송 오는게 대단함 쌈무위에 포장비닐이 구멍뚫렸을까봐 걱정했는데,Four
고기 쌈도 사먹고 두루치기에 썰어 넣으려고 샀어요 한끼분량이라서 남는것도 없고 버릴게 없어서 좋아요 반은 썰어서 두루치기 만드는데 사용하고 남은 반은 고기 쌈싸먹으니 깔끔하게 클리어 깻잎향이 너무 좋네요 깻잎 자주 주문해 먹는데 싱싱한걸로 잘 왔었는데 이번 깻잎은 두어장 아랫부분이 살짝 검게 변한 부분이 있었지만 끝 부분이라서 떼어내고 먹었어요 만족합니다,Four
맛 만족도 예상보다 맛있어요,Four
깻잎을 시켰는데 과대 포장으로 깜짝 놀랐어요 비닐에 쌓여있고 또 박스에도 쌓여있었어요 너무 과대포장이 심하네요 상자는 굳이 필요 없었는데 쩜쩜쩜 깻잎은 그다지 신선하지는 않았어요 그래서 하루 정도 물에 담가 놓았더니 괜찮아졌어요 향은 좋고 맛있었어요 과대포장 좀 줄여주세요,Four
오리요리할때 쓰려구 구매했는데 싱싱하고 좋아요 다만 뭐랄까 요즘 사서먹는 깻잎들은 다 너무 향이 쎄고 좀 억센느낌 전에 산 깻잎보다 질기진않았지만 요즘 맛있는 깻잎사기 힘든거같아요 원래는 상추보다 깻잎이였는데 요즘 제가산 깻잎들은 좀 억세고 향이세서 그냥 부드러운 상추류로 찾게되네용 그래도 오리요리엔 필수잖아요,Four
가성비도 좋고 아주 싱싱해요 가끔 깻잎을 구입하다보면 깻잎표면에 검은 점들이 있거나 더러 뭉개진걸 보는데 하나도 허실없이 깨끗하고 싱싱해요 선별작업에 신경을 많이 쓴거 같아 감사하네요,Four
요즘 야채 값이 너무 비싸요 그래서 인가 더 맛있네요,Four
깻잎 크기가 가끔 너무 작은 게 와서 쌈 싸 먹기 어려울 때가 있어요 크기가 너무 복불복이에요,Four
맛 만족도 보통이에요,Four
비닐에 담아서 에어캡으로 감싸고 플라스틱통에 담겨서 다시 박스포장 플라스틱통 냉동실 얼리기용으로 사용중인데 괜찮고요 깻잎은 열장 열한장 들어있었습니다 큰 거랑 적당한크기 섞여있었고 떡볶이도 해먹고 라이스페이퍼랑 싸먹기도하고 고기랑비빔면 쌈도 해먹고 깻잎 튀김도 해먹고 좋네요 인가정인데 깻잎 좋아해서 한통만 먹기엔 조금 아쉽게 딱 좋은느낌,Four
상품의 질은 문제가 없었고 다른때와는 달리 이중 포장이 안된상태에서 얼려져있는 보냉팩 위에 바로 올려져 있어 상품일부가 얼어서 왔어요 워낙 포장이 잘되어서 왔었는데 이번엔 실수가 있었나봐요,Four
깻잎 크기가 큰것부터 아주 작은 사이즈까지 섞여있어요 이라 꽤 양이 됩니다 김밥 쌀 때 사용하려고 로켓프레시로 주문했는데 바로 쓸 양으로는 적당해서 자주 이용합니다 금방 상하니까 차라리 소량씩 구매해서 사용하는게 좋습니다,Four
정확히 장 버리고 장인가 장인가 먹음 일 지나서 기억이 안 나는데 버린건 확실,Four
안녕하세요 요리에 필요한 재료들을 구매했어요 쿠팡으로 구해할때는 가격생각안하고 구매를해요 워낙 회전율이 좋다보니 대부분 신선하고 문제가있으면 반품도쉽고 대처를 잘해주니 믿고 쿠팡프레쉬에서만 사요 동네 마트 사장님과 친한데 어쩔수가없네요,Four
맛 만족도 괜찮아요,Four
신선식픔 시키면서 깻잎 양파 무말랭이를 시켰더니 프레시백에 같이 담겨왔네요 다른칸에 담기기는 했는데 아이스팩 냉기에 깻잎 끝부분이 시꺼멓게 물러졌네요 채소만 따로 시켜야겠어요 씻어서 같이 먹었는데 깻잎향이 좋네요,Four
몇번시켜먹었는데 이런적 단한번도옶었는데 이 냉해입은것처럼 시들었어요 후레쉬백 중간덮개 위에 얹혀있어서 아이스팩 때문은 아닌것 같은데 오늘먹으려고 구매한거라 일단 잘라내고 사용하긴했어요,Four
맛 만족도 예상보다 맛있어요,Four
깻잎도 가격이 만만치가 않네요 한봉은 부족할 거 같아서 두봉 주문했는데 잘한 것 같아요 한봉은 거의 시퍼렇게 되어 있어서 절반은 버리고 나머지는 또 일부 잘라가며 먹었어요 남은 한봉은 상태 괜찮고 맛나게 고기 잘 싸먹었습니다,Four
맛 만족도 괜찮아요,Four
깻잎이 왕 큰게 왔어요 커도 너무 커서 인지 깻잎의 향도 맛도 별로 안 나요 질기진 않아요 김밥용으로 사용할 거라 그나마 제일 작은 깻잎 사용했는데도 밥보다 커요 너무 큰 건 반씩 찢어 한장 사용했어요,Four
맛 만족도 괜찮아요,Four
깻잎 정말 싱싱하고 맘에드는데 양이 적어도 너무 적습니다 처음 받아보고 세상에 이렇게 예쁜 깻잎도 있구나하고 생각했는데 양이 적어서 별하나 뺐어요 김밥을 쌀때 사용하려고 했는데 깻잎김밥을 한 열개정도 쌀수 있을것 같아요 내일 김밥쌀때 확인해보고 정확한갯수 올려 드릴게요 깜빡잊고 갯수 세지 않았네요 깻잎 장수는 적었지만 아무튼 부드럽고 맛있었어요 김밥 몇개 싸지도 않았는데 깻잎이 부족해서 나머지는 깻잎없이 그냥 말았습니다,Four
맛 만족도 예상보다 맛있어요,Four
고기 구워먹을 때 곰곰 깻잎 자주 구매해요 양이 많고 저렴하지만 중간 중간에 시들한게 있어서 별하나 뺐습니다 그래도 양이 많아서 괜찮아요 덕분에 고기랑 맛있게 싸먹었어요 사진은 없지만 또 구매할 거에요,Four
늘 주문하면서 빠지지않고 주문하는 제품 중 하나가 깻잎입니다 상품이 좋아 쿠팡에서 주문하는데 이번 깻잎은 잎크기 가 좀 동일하지 않네요 인가족이라 양도 적당하고 좋아요,Four
다른 채소들과 뽁뽁이에 담아져서 왔는데 아이스팩이 가까웠는지 깻잎끝부분들이 얼어버렸네요 깻잎은 싱싱해보여서 좋은데 약간 아쉽네요,Four
맛 만족도 괜찮아요,Four
손바닥만한 크기에 좋기했는데 중간에 작은싸이즈껴있고 검은아이들이 몇장보이네요,Four
크기가 들쭉날쭉하고 두께가 두꺼운 편이에요 그냥 먹기엔 살짝 부담스러울정도 찔까 하다가 그냥 며칠 더 뒀다가 먹어야겠어요,Four
네 상품은 좋은데 요즘 채소 가격이 안습이죠 깻잎도 어쩔 수 없나봐요,Four
깻잎 은 왜 항상 녹아 있는것인가 쌩으로 먹으려했는데 낭패 언제쯤 정상 상품 수령이 가능한걸까,Four
싱싱하고 양도 많네요 부드러움보다 두껍고 향은 진하게 납니다 사이즈도 재각각 이고 싱싱해서 만족합니다,Four
맛 만족도 예상보다 맛있어요,Four
깻잎이 필요한 음식에 듬뿍듬뿍 넣을수록 맛있잖아요 향은 좀 약하지만 괜찮았어요,Four
맛 만족도 맛있어요,Four
아주 싱싱하진 않네요 잎 군데군데가 거무스름 변색되어 있어요 바꾸기 귀찮아서 그냥 도려내고 먹으려 합니다,Four
깻잎을 좋아해서 자주 식탁에 오르는 요즘물가비싸요 부모님집에 다니러가면 깻잎이밭에 엄청많아서 항상 따오는데 곧 추석이라서 추석에 다니러가면 잔뜩 따올생각입니다 그전에 깻잎이 필요해서 구매했는데 쿠팡에서 받았던 깻잎은 항상 신선했습니다 깻잎을 쌈싸먹어도 맛있구 깻잎반찬 깻잎장아찌 깻잎넣고 계란말이 깻잎넣고 김밥 내일은 깻잎넣고 김밥을 싸려고 합니다 다양한음식에 넣어도 맛있구 철분도많으니 건강에도 좋을거구 신선한 깻잎 좋아요 감사합니다,Four
깻잎이 아주 크지는 않지만 싱싱해서 좋았어요 시들한 거 없이 잎이 다 살아있네요,Four
맛 만족도 맛있어요,Four
오징어볶음과 소면 비벼 먹을 때 데코 겸 풍미를 증가시키기 위한 용도로 주문했어요 상태가 막 나쁘진 않았지만 잎에 살짝 검은 부분도 있는게 그렇게 완전 싱싱하진 않아서 조금 아쉬웠어요 그리고 남은건 비닐에 그대로 싸서 냉장 보관 했는데 며칠 안 돼서 수분이 많아지면서 흐물거리더라구요 남은건 키친타올에 싸서 보관해야 오래 갈 듯 싶어요 요즘 같은 고물가 시대에 일회성으로만 사용된게 아쉽네요,Four
싱싱함 생각보다 덜 싱싱해요,Four
잎이넘커서 나뭇잎같은너낌 좀작았음조앗을텐데 전어싸먹을려구요 먹을생각에침나오넹,Four
깻잎을 좋아해서 자주 식탁에 오르는 요즘물가비싸요 부모님집에 다니러가면 깻잎이밭에 엄청많아서 항상 따오는데 곧 추석이라서 추석에 다니러가면 잔뜩 따올생각입니다 그전에 깻잎이 필요해서 구매했는데 쿠팡에서 받았던 깻잎은 항상 신선했습니다 깻잎을 쌈싸먹어도 맛있구 깻잎반찬 깻잎장아찌 깻잎넣고 계란말이 깻잎넣고 김밥 내일은 깻잎넣고 김밥을 싸려고 합니다 다양한음식에 넣어도 맛있구 철분도많으니 건강에도 좋을거구 신선한 깻잎 좋아요 감사합니다,Four
깻잎이 아주 크지는 않지만 싱싱해서 좋았어요 시들한 거 없이 잎이 다 살아있네요,Four
맛 만족도 맛있어요,Four
오징어볶음과 소면 비벼 먹을 때 데코 겸 풍미를 증가시키기 위한 용도로 주문했어요 상태가 막 나쁘진 않았지만 잎에 살짝 검은 부분도 있는게 그렇게 완전 싱싱하진 않아서 조금 아쉬웠어요 그리고 남은건 비닐에 그대로 싸서 냉장 보관 했는데 며칠 안 돼서 수분이 많아지면서 흐물거리더라구요 남은건 키친타올에 싸서 보관해야 오래 갈 듯 싶어요 요즘 같은 고물가 시대에 일회성으로만 사용된게 아쉽네요,Four
싱싱함 생각보다 덜 싱싱해요,Four
잎이넘커서 나뭇잎같은너낌 좀작았음조앗을텐데 전어싸먹을려구요 먹을생각에침나오넹,Four
냉동팩으로 와서 그런건지 아니면 처음부터 그런건지는 모르겠는데 중간중간에 갈색으로 변해져 있는 깻잎들이 있어요 그러면 그냥 버릴껀 버리고 먹을수 있는거 먹고 그러고 있습니다,Four
맛 만족도 맛있어요,Four
밀양 깻잎 맛도 싱싱함도 모두 좋아 자주 구매하네요,Four
맛 만족도 맛있어요,Four
쭈꾸미 상추와 깻잎에 싸먹으려고 구매했어요 워낙 깻잎을 좋아하는데 요즘은 좀 크게 묶어서 팔다보니 이렇게 딱 한번 먹을 양이 좋은거 같아요 깻잎 향이 완전 진한게 좋은데 이건 진한편은 아니고 부드러운 깻잎이네요 너무 크거나 작지않아서 쌈싸서 먹기에 좋아요,Four
맛 만족도 예상보다 맛있어요,Four
깻잎을 자주 사먹어요 철분이 많이 함유된 채소라고 해서 평상시에 많이 섭취할려고 노력하는 편이에요 향이 있어서 초등학생아들들은 안먹지만 저는 평상시에 생으로 초장양념을 버무려서 먹는데 상큼하고 맛있어요 딱 한번 먹기 좋은양이구요 이제껏 여러번을 샀는데 크게 무르거나 상태가 안좋은적은 없었어요 이번에도 보통이에요 크기는 성인손바닥크기정도이고 신선도도 괜찮습니다 저렴하게 잘 샀어요,Four
맛 만족도 괜찮아요,Four
뜬금없이 딸아이가 깻잎 튀김을 해달라는거예요 깻잎사러 수퍼사긴 귀찮고 또 감사하는 마음으로 로켓프레쉬를 켰죠 튀김가루를 묽게 쑨다음 기름냄비에 투하하면 네 딸은 한장 먹어보고 안먹고 나머지는 저의 맥주 안주가 되었습니다 깻잎은 죄가 없어요 일식집에서 나오는 깻잎 튀김의 바삭함을 구현하지 못한 저의 문제이지요 근데 저는 맛있게 다 먹었어요 제가 한 음식이 저는 제일 맛있어서 살이 안빠져요,Four
경상도 깻잎 그거 말곤 단점이 없어요 문제의 밀양 제품 주문할게 이거 밖에 없다는게 아쉽네요,Four
고기싸먹을때 먹으려고 구매하게 되었어요 양도 인먹기 적당한편이라 한끼 먹고 남지 않을양이라 좋아요 깻잎이 너무 크지도 않고 싱싱하니 좋네요 깻잎향도 진하게 좋구요 맛있게 잘먹었어요,Four
상태가 엄청나게 좋은 건 아니었지만 집에서 먹기엔 나쁘지 않았어요 겉으로볼때 상처나 얼룩덜룩하긴했어도 괜찮었네요 깻잎 향이 진하고 맛있는 건 아니었습니다 비쌌으면 기분나빴을건데 저렴해서 괜찮음,Four
맛 만족도 괜찮아요,Four
저번에도 그러더니 또 종이상자에 담긴 깻잎 깻잎이 다칠까봐 과잉보호 하는건가 어쨌거나 상한거 없이 연하고 맛있음 불고기에 왕창 넣어서 먹어주었다 깻잎은 불고기에 들어갔을때 제일 매력적인듯 아 닭갈비에 들어가도 매력적이지,Four
로켓프레시 주문했어요 다 싱싱하고 좋은데 깻잎이 얼었다 녹았나봐요 어쩔수없죠 주방가위로 잘라내서 버렸어요 남은건 얼마 안되네요 식초 물 분 담가 낱낱이 씻고 통에 담았어요,Four
깻잎이 상품이 좋은게 드문거같아요 깻잎장수는 넉넉해서 한번먹고 그담번에한번더 먹어서 소진했어요 깻잎향 은은하고 좋았고 억세지않아서 만족스러웠엉,Four
다른 야채들은 싱싱하게 잘 왔는데 깻잎이 시들시들하네요 그래도 밀푀유나베에 넣어서 먹을거라 시든부분만 잘라내고 그냥 먹었어요 좋아하는 깻잎 저렴하게 많이 먹을 수 있는 건 좋았네요,Four
맛 만족도 괜찮아요,Four
깻잎은 사진후기 잘 안 남기는데 요곤 너무 쪼꼬미 깻잎이라 찍어봄 여자 손바닥 위에 올린사진 요번건 유난히 쪼꼬마네요 깻잎 종종 시켜묵음 싱싱도는 그때그때 다른데 요건 싱싱함,Four
맛 만족도 예상보다 맛있어요,Four
깻잎 많이안먹고 고기에 쌈 싸먹을 한끼용으로 딱 좋아요 다만 아주 싱싱하지는 않았지만 먹을만은 했습니다 맛은 있었어요 비닐포장 되어왔습니다,Four
고기에 쌈싸먹으려고 주문한 깻잎이에용 애들이 힘없이 좀 시들시들해서 아쉽지만 나름 고기에 싸서 먹으니 맛도좋고 잘 먹엇습니다 다음엔 싱싱한 애들로 왓으면 좋겠어용,Four
맛 만족도 예상보다 맛있어요,Four
을 장으로 본 제가 잘못이예요 은 장 들어있습니다 팩시켰는데 장 장 이렇게 있어요 전 장으로 보았지만 착오없으시길 제육할려고 제육엔 깻잎 왕창이라 또 사로가야겠어요 그래도 싱싱하내요 전 곰곰한데 많이 잘 안시킴니다 시켜보니 요기네 참고하세요 장마철엔 당연히 비쌈니다 싼건 이유가 있겠죠,Four
이번에 산건 깻잎향이 좀 강했어요 삼겹구워서 싸먹으려고 샀는데 고기맛에도 감춰지지않는 깻잎 향 자기주장이 너무 강하네요 지난번에는 더 맛있었는데 좀 아쉬웠어요 그래도 싱싱하고 빠르고 편하게 받을수있는건 좋아요 사진은 냉장실 온도가 너무 낮았던건지 얼었네요 받았을땐 싱싱했어요,Four
손바닥만한 크기에 깻잎이왔네요 김밥용으로 주문했는데 좀 커서 당황 하지만 싱싱하고 깨끗해서 좋았어요,Four
맛 만족도 맛있어요,Four
주말에 구매해서 그런건지 시든게 몇장있고 나머지는 괜찮았어요,Four
상태는 좋아요 근데 얼음팩에 닿으면 닿은부분이 시들어요 지금 거의 프로는 물에 젖은거마냥 있는데 나중에 포장할땐 이렇지않게 부탁드립니다,Four
맛 만족도 맛있어요,Four
쿠팡배달오면서 깻잎이 얼었어요 요즘 야채값 많이 올랐는데 아깝게 몇장은 못먹고 버릴수밖에 없었네요 사이즈도 크고 향도 좋고 많이 싱싱해서 그랬는지 냉장고에 넣어뒀다가 먹으려고 꺼냈는데 작은벌레한마리가 묻어있던 한장도 버리고 남은거만 깨끗히 씻어서 먹었네요,Four
맛 만족도 예상보다 맛있어요,Four
장어쌈으로 먹었는데 향도 진하고 싱싱하니 맛있었습니다,Four
감자탕 포장해서 먹고 남은 국물에 볶음밥을 해먹어야 완성되는데 엥 깻잎이 없네 사람 많아서 마트 가긴 싫고 깻잎은 필수라 프레시구매조건 맞춰 깻잎배송 깨끗하게 포장되서 온전하게 왔는데 외식할 일이 계속 있어서 며칠간 냉장고에 킾해뒀는데 너무 빨리 변색되버림 심한건 버리고 잘라내고 볶았는데 깻잎향도 벨로 엄꼬,Four
맛 만족도 괜찮아요,Four
깻잎은 사실 쿠팡에서 사기엔 은근 비싸요 그래서 별 하나 뺐습니다 그래도 급할 때 다른거 사면서 같이 담았는데 한두번 먹기 좋은 양이에요 신선하고 특유의 깻잎향도 진하구요 딱히 타들어간 부분도 없고 꼭지 부분도 신선했어요 전체적으로 무난했습니다,Four
싱싱했구요 장정도 들어있고 속에는 작은게 장정도 들어있었네요 크기차이가 좀심하게나네요,Four
맛 만족도 괜찮아요,Four
쿠팡에서 파는 깻잎중에 제일 크기가 큰 깻잎이라 이거만 구매하고있어요 하나 바람이 있나면 포장할때 봉지를 좀 더 공간을 여유있게 잡아주시면 좋겠습니다 깻잎에 딱 맞게 포장을 하시니 포장때문에 접히는 부분은 물러져서 오네요 다른 깻잎들은 공간 넉넉하던데 얘만 유독 래핑해서 오는것처럼 딱 맞게 쌓여있네요,Four
진짜솔직 초딩입맛 다이어터 리뷰어 몇장입인지 궁금해서 다름분들 사진 열심히 세어보고 주문했어요 김밥 줄 싸려고 구매한거라 장은 넘겠지 구매했는데 장정도 들어있어요 맛있는 참치랑 치즈김밥 싸먹었습니당,Four
살짝 수분이 빠진 듯한 깻잎이 왔네요 아쉽지만 걍 먹으려구요,Four
맛 만족도 맛있어요,Four
전반적으로 상태도 좋고 향도 진하고 맛있지만 테두리쪽 검정인 부분이 많이 섞여 있었어요 상품화가 가능한 것이라 포함시킨건지 본래 이런 상태가 맞는 것인지는 잘 모르겠네요,Four
포장을좀 조심해주시지 깻잎이 아이스팩에 닿여 한쪽 이 얼어 시커매졌어요 전 월남쌈용으로 채를썰꺼라 그쪽만 잘라내고 사용하면 괜찮캣지만 쌈용으로 드실분은 기분안좋으실것같네요,Four
깻잎 늘 구매하는데 얼었다 녹은 제품을 받아 환불 받았습니다,Four
날이 춥기도 했지만 아이스팩 위에 올려져 와서 몇장은 버렸네요,Four
리뷰는 첨 써보네요 깻잎은 퀄리티가 랜덤해요 왜그런거죠 궁금합니다 어쩔땐 겁나 싱싱한데 어쩔땐 하루이틀만에 시들시들 매번 랜덤심정으로 돌려먹슴다 친환경이 부담시러울땐 로,Four
그쯤에 비가 많이 와서 농작물 피해가 커서 그런건지 앞쪽엔 잎이 큰데 가운데쯤부터 뒷장까지는 사진처럼 작은것들만 있었어요 그래도 맛차이는 없었습니다,Four
참치김밥에 쓰기도하고 고기도 싸먹을때 먹고요 깻잎을 다양하게 쓰고있는데요 싱싱하고 좋네요 눈으로 직접 볼 수 없어서 망설였지만 기대이상한것보다도 좋았습니다 믿고 깻잎 구매해도 될 것 같아요,Four
삼겹살 먹을때 한번 먹기 좋은 충분한 양입니다 싱싱하게 와서 식초물에 담궈 씻은뒤 맛나게 먹었습니다 재구매 의사 있어요,Four
리뷰는 첨 써보네요 깻잎은 퀄리티가 랜덤해요 왜그런거죠 궁금합니다 어쩔땐 겁나 싱싱한데 어쩔땐 하루이틀만에 시들시들 매번 랜덤심정으로 돌려먹슴다 친환경이 부담시러울땐 로,Four
그쯤에 비가 많이 와서 농작물 피해가 커서 그런건지 앞쪽엔 잎이 큰데 가운데쯤부터 뒷장까지는 사진처럼 작은것들만 있었어요 그래도 맛차이는 없었습니다,Four
참치김밥에 쓰기도하고 고기도 싸먹을때 먹고요 깻잎을 다양하게 쓰고있는데요 싱싱하고 좋네요 눈으로 직접 볼 수 없어서 망설였지만 기대이상한것보다도 좋았습니다 믿고 깻잎 구매해도 될 것 같아요,Four
삼겹살 먹을때 한번 먹기 좋은 충분한 양입니다 싱싱하게 와서 식초물에 담궈 씻은뒤 맛나게 먹었습니다 재구매 의사 있어요,Four
닭갈비 만들면서 깻잎을 자주 먹어서 마트에서도 쿠팡에서도 주문하게 되는데 매번 똑같은 품질은 아닌것 같아요 야채가 대부분 신선하지만 이번엔 보통이었어요,Four
너무 잘사고 만족해요 온라인 가격도 합리적이고 저렴해 자주 이용하고 있어요 오프라인보다 가격 대비 짱이에요 모든 분께 추천드립니다 굳굳,Four
상품명 곰곰 밀양 깻잎 개 깻잎이 생각보다 신선한 편이었어요 크기는 들쑥날쑥 하네요 참치 김밥 해 먹으려고 양 적은 으로 구매했습니다,Four
맛 만족도 괜찮아요,Four
깻잎이 생각보다 적당히 싱싱했어요 가운데 두장정도 시들해져서 버렸어요 향이 별로 안나서 잘못시켰나 했는데 괜찮았습니다,Four
깻잎이 깨끗하게 손질 되어 와서 편하게 요리할 수 있어요 정말 신선하지는 않았지만 그래도 무난하게 와서 사용 가능했어요 가격은 마트와 큰 차이는 없지만 다른 제품과 같이 배송와서 편하게 요리할 수 있어 만족 해요,Four
냉동식품과 같이 포장되어와가주구 다 얼었더리구요 꼭 필요한거라 교환했는데도 깻잎이 힘이 없어요 그래도 빠른처리해주셨어여,Four
같이 주문한 상추랑 다른 야채는 괜찮은데 깻잎만 상태가 너무 안좋네요 날이 추워서 그런건지 검게 변해있네요,Four
엄마가해준 깻잎김치가 갑자기 먹고싶어서 새벽배송 시킬때 같이 시켜봤어요 상태가 최고 는 아니였지만 살짝 깻잎 숨 죽여서 양념장에 조금 재워뒀다가 밥이랑 같이 싸먹었는데 맛이 좋네요 한끼 뚝닥,Four
맛 만족도 예상보다 맛있어요,Four
싱싱한 깻잎과 끝쪽이 검게 변한게 섞여 있었어요 하나하나 씻으며 보느라 더 자세히 보게 되네요 깻잎은 전반적으로 괜찮았어요,Four
맛 만족도 맛있어요,Four
헠 깻잎이 젖였어용 살아날지 모르겠지만 신선도 유지 얼음쪽에 붙어있어서 젖은듯 싶네용 하튼 여튼 잘먹겠습니당,Four
싱싱함 예상보다 안 싱싱해요,Four
오리고기 싸먹었는데 싱싱하고 벌레 먹은거 없었어요 다만 조금 아쉬운건 깻잎향이 좀 덜나는 느낌이었어요 마트에서 천원주고 산 깻잎이랑 양이 비슷해서 만족했어요 깻잎 너무 비싼것,Four
맛 만족도 괜찮아요,Four
깻잎 김치 담그려고 했는데 잎이 상한것이 좀 있네요 잎은 커요 상한건 반씩 떼어내서 전부쳐먹고 나머진 김치 담궜는데 향은 진하고 맛있습니다,Four
깻잎 향도 좋고맛도 좋았는데 깻잎이 얼었다가 녹은건지 절반은 버렸어요 한번더 주문했는데 이번엔 제발 좋은 상품이 오길,Four
맛 만족도 예상보다 맛있어요,Four
항상 싱싱한 깻잎을 받았는데 오늘은 얼음 위에 올려져서 온듯 해요 그쪽부분이 검은색으로 변색됨요 부분제거했어요,Four
같이 들어있던 아이스팩에 눌려있었는지 깻잎이 시들었네요 앞쪽 몇장이 시간도 오래 가지고 다닌듯,Four
지난번에는 향이 더 진해서 맛있었는데 이번에는 좀 덜해서 아쉬웠어요 밥에 쌈장 브로콜리 같이 싸서 냠냠했어요 두장씩 싸서 먹으니 맛있어요 저의 다이어트 식단입니다,Four
맛 만족도 괜찮아요,Four
깻잎 향이 다른 깻잎보다 강했어요 저희집은 깻잎을 좋아하는 편인데도 강하다고 느꼈어요 저희집은 잘먹었지만 깻잎향 강한걸 안좋아하시는분들은 드기 좀 그럴거같아요,Four
맛 만족도 괜찮아요,Four
싱싱하게 오려고 얼음팩에 같이 왔는데 그게 문제 있는지 냉해를 입어서 잎이 물러서 왔어요 끝부분만 그래서 잘라서 썼는데 조금 그랬어요,Four
한두장 상한 잎이 있어요 상추가 함께 든 깻잎이 구매시 갑자기 가격이 올라서 깻잎만 구매했어요 잎의 크기가 대체로 일정합니다,Four
맛 만족도 맛있어요,Four
아주 싱싱한건 아니었지만 괜찮아요 고기먹을때 김밥쌀때 꼭 넣는거라 구매했어요,Four
맛 만족도 맛있어요,Four
좀 뻣뻣함이 느껴졌어요 부드러워야 좋은데 말이죠,Four
깻잎김치 담았습니다 깻잎이 크기가 너무크고 억센것 같아 조금 아쉽네요 장아찌는 괜찮겠지만 금방양념 발라먹는 깻잎김치는 잎이 좀 부드럽고 작은것이 맛있는데,Four
맛 만족도 괜찮아요,Four
요리에 필요해서 급히 구입했는데 빠른 배송 너무 좋습니다 깻잎은 적당히 신선하고 표면에 얼룩이 있는 것도 있었지만 대체로 깨끗하고 향긋했어요,Four
몇번째 이것만 구매해서 먹는데 깻잎은 복불복이 있네요 어쩔땐 싱싱하고 어쩔땐 시들하고 그래요 물에 담궈놓으면 살아나니 담궜다 먹어야겠어요,Four
깻잎 어느때는 시들한거와서 속상한데 이번 제품은 싱싱하니 좋네요 닭갈비에 넣어 먹으니 맛이 두배입니다,Four
맛 만족도 괜찮아요,Four
맛은 있으나 가격도 저렴 중간에 싱싱하지않은 깻잎이 몇개들어있어서 별한개 뺍니다,Four
세봉지를 시켰는데 한봉지가 얼어서 왔어요 맛은 나쁘지 않지만 얼어서 까매진 깻잎 한봉지를 버려야하나 말아야하나 고민되네요,Four
아침에 받고 김치냉장고에 넣었다가 저녁에 먹으려고 보니 전부 새까맣게 시들어서 다버렸어요,Four
깻잎같은 쌈 채소류는 그램수로 말구 장 수로 알려주면 좋을 것 같아요 으로 둘이서 먹기에는 좀 아쉬워요 상태는 싱싱하고 깨끗했어요,Four
야채는 영하의 날씨엔 시키지 않는걸로 얼어와서 먹으려고 보니 다 물러가지고 먹을 수 없는 상태여서 그냥 다 버렸습니다,Four
맛 만족도 괜찮아요,Four
팩으로 인해서 냉기땜에 항상 얼어서 와요 깻잎은 따로 시키면 이게 항상 딜레마,Four
맛은 있는데 왜 신선하지 않은게 몇장 껴있을까요 시킨지 일도 안됐는데 물러터진게 두어장 껴있네요,Four
배송중에 얼음때문에 얼어서 상하는 건지 쌈으로 먹는건 그럭저럭 장아찌로 하니 살짝 억세요 싱싱하긴 합니다,Four
남길필요 없이 혼자 고기 싸먹을려고 주문했는데 신선하고 먹기 딱좋아요,Four
남편이보더니 호박잎이라고 안먹어요 저렇게 큰 깻잎은 첨본대요 매운탕에 넣어 먹었더니 맛은있어요,Four
연하고 향도 좋아 쌈도 좋고 부침으로 먹어도 굿굿,Four
배송중에 얼음때문에 얼어서 상하는 건지 쌈으로 먹는건 그럭저럭 장아찌로 하니 살짝 억세요 싱싱하긴 합니다,Four
남길필요 없이 혼자 고기 싸먹을려고 주문했는데 신선하고 먹기 딱좋아요,Four
남편이보더니 호박잎이라고 안먹어요 저렇게 큰 깻잎은 첨본대요 매운탕에 넣어 먹었더니 맛은있어요,Four
연하고 향도 좋아 쌈도 좋고 부침으로 먹어도 굿굿,Four
아이스팩이 들어있어 한겨울이라 그런지 얼어서 배달되었어요,Four
얼음에 닿은부분은 색이 변해서 왔어요 장 정도 급하게 시킨거라서 그냥 먹었습니다 맛은 평범한 깻잎이에요,Four
깻잎이 향이 진하고 싸이즈도 적당합니다 유황오리 구워서 쌈싸먹으려고 구매해서 맛있게 식사를 했어요,Four
싱싱함 예상보다 싱싱해요,Four
한 끼 고기 싸먹기 좋은 양이었는데 싱싱함은 좀 덜한 것같아요,Four
맛 만족도 괜찮아요,Four
깻잎이 양호하네요 크기는 위에보이는부분 크고 뒤에는 보통크기네요 먹고 좀남아있어요,Four
싱싱하긴 한데 그닥 향이 없어요 데체로 깻잎이 엄청커요 상추보다 컷어요 한끼 먹고 남을 만큼 많은 양 이에요,Four
맛 만족도 예상보다 맛있어요,Four
가격도 저렴하고 상품도 마음에 듭니다 또 필요하면 이걸로 재구매 할거예요 도움이 되셨기를 바랍니다,Four
안 좋아요 잎파리 아래쪽이 어느정도 거친데 이건 많이 거칠어요 벌레 먹은 잎도 많구요,Four
깻잎향이 너무 좋아요 신선해서 자주 시켜먹을거 같네요,Four
한장당 크기가 너무 중량에 치우쳐서 진짜 손바닥만함 비슷하게 넣어주시길,Four
깻잎이 아주 싱싱하진 않네요 감자탕 할거라 어차피 익혀 먹어서 많이 티나진 않았어요,Four
맛 만족도 괜찮아요,Four
살짝 풀이 죽어있고 깻잎향도 덜하지만 뻣뻣하지는않아 맛있었어요 물에담가놓음 살아나요,Four
맛 만족도 괜찮아요,Four
깻잎 장 들어있어요 몇 장은 덜 싱싱한 상태로 와써여 먹었을 땐 특벌히 다르진않았네요,Four
맛 만족도 예상보다 맛있어요,Four
일부 신선도가 떨어져보이는 상처자국 등이 있어 장은 렸지만 나름 괜찮아요,Four
깻잎 향 엄청 나요 깻잎 싫어 하는 남편도 먹어보더니 향긋하니 생각보다 좋다고 하네요,Four
맛 만족도 괜찮아요,Four
지금 시기가 그런가요 크기가 커서 그럴까요 약간 억새다 느낌이에요,Four
태풍을 감안 하더라도 고기보다 더 비싼 느낌이랄까,Four
괜찮은데 배송중에 상처가 나거나 얼음팩에 냉해를 입고 오는 경우가 많아요,Four
싱싱하고 좋은데 쌈으로 먹으려고 구입 했는데 크기가 많이 크네요,Four
깻잎 항상 상한것만 오더니 이번에는 크고 아주 싱싱한게 와서 조으네요,Four
맛 만족도 괜찮아요,Four
질긴 느낌이 들긴 하지만 아이스팩 닿지 않게 도착하니 좋아요,Four
살짝 시들해서 왔는데 깻잎향은 좋고 크기가 엄청 커서 손바닥 만했어요,Four
자주 애용합니다 신선하고 적정량이라 좋아요,Four
살짝 얼었다 녹았는지 끝부분이 물러있지만 대부분은 싱싱해서 괜찮았습니다,Four
맛 만족도 괜찮아요,Four
향이 진한것이 맛이 좋습니다 상한데 없이 싱싱한게 잘 왔어요,Four
맛 만족도 예상보다 맛있어요,Four
깻잎 쌈을 먹으니 입안에서 깻잎향이 느껴지고 맛있었어요,Four
쓸만함 여기서 파는 다른 추부 깻잎보다는 좀 덜 싱싱한 듯,Four
맛 만족도 예상보다 맛있어요,Four
얼음 팩 때문에 항상 깻잎이 얼어있음 시킬때마다 그러네요,Four
소고기 싸서 냠냠 맛있게 먹었습니다,Four
풋내 가 좀 났지만 보여지는 상태는 싱싱했어요,Four
맛 만족도 괜찮아요,Four
그래도 김밥에 잘라 넣을거니 갠찬음,Four
순대볶음에 깻잎 빠지면 안되죠,Four
한번먹기 좋은양 저렴한가격,Four
배송 빠르고 상태 좋습니다 재구매중,Four
맛 만족도 보통이에요,Four
좋아요 좋아요 좋아요 좋아요 좋아요,Four
순대볶음에 깻잎 빠지면 안되죠,Four
한번먹기 좋은양 저렴한가격,Four
배송 빠르고 상태 좋습니다 재구매중,Four
맛 만족도 보통이에요,Four
좋아요 좋아요 좋아요 좋아요 좋아요,Four
이번 깻잎이 생각보다 안싱싱 했어요,Four
맛 만족도 예상보다 맛있어요,Four
맛도 신선도 모두 좋아 재구매할려구요,Four
맛 만족도 괜찮아요,Four
양도적절하게 깨끗해서 좋았어요,Four
맛 만족도 괜찮아요,Four
얼었네요 날씨 탓인지,Four
잘먹었어요 전해서,Four
요즘 자주 배송이 누락되어 제 때에 먹질 못하네요,Four
무난함,Four
맛 만족도 괜찮아요,Four
약간 젖어서 왔음,Four
김밥 사려고 시켰는데 향도 좋고 다 좋아요,Four
맛 만족도 보통이에요,Four
깻잎 사이즈가 작아요,Four
그래도 급할때는 써야지요,Four
비싸요,Four
맛 만족도 예상보다 맛있어요,Four
맛 만족도 괜찮아요,Four
맛 만족도 괜찮아요,Four
시커먼부분이 많고 너무 작아요,Four
맛 만족도 괜찮아요,Four
시커먼부분이 많고 너무 작아요,Four
맛 만족도 괜찮아요,Four
맛 만족도 괜찮아요,Four
여러번 재구매 한 제품입니다,Four
맛 만족도 예상보다 맛있어요,Four
깻잎이 신선하고 맛있어요,Four
잎부분은 싱싱한데 꼭지가 조금 말랐네요,Four
맛 만족도 괜찮아요,Four
자주 구입해요,Four
향도좋쿠 신선하네요,Four
여러번 재구매 한 제품입니다,Four
맛 만족도 예상보다 맛있어요,Four
잎부분은 싱싱한데 꼭지가 조금 말랐네요,Four
좋습니다,Four
밀양깻잎 맛있어요 신선해요 재구매식품입니다,Four
맛 만족도 괜찮아요,Four
맛 만족도 예상보다 맛 없어요,Four
깻잎 가격이 비싸도너무 비싸요,Four
맛 만족도 예상보다 맛있어요,Four
깻잎 크기가 제각각,Four
좋은데 좀 크기가 작아서 아쉬웠네요,Four
맛 만족도 맛있어요,Four
잘먹을게요 번창하세요,Four
깻잎 가격이 비싸도너무 비싸요,Four
맛 만족도 예상보다 맛있어요,Four
깻잎 크기가 제각각,Four
좋은데 좀 크기가 작아서 아쉬웠네요,Four
맛 만족도 맛있어요,Four
잘먹을게요 번창하세요,Four
맛 만족도 괜찮아요,Four
깻잎 가격이 비싸도너무 비싸요,Four
맛 만족도 예상보다 맛있어요,Four
맛 만족도 맛있어요,Four
잘먹을게요 번창하세요,Four
신선하고 맛있어요,Four
깻잎이 힘이 없고 그냥 그랬어요,Four
그래도 급할때는 써야지요,Four
맛 만족도 괜찮아요,Four
맛 만족도 예상보다 맛 없어요,Four
무른것들이 몇장있었어요,Four
맛 만족도 예상보다 맛있어요,Four
신선하고 맛있어요,Four
싱싱해요,Four
하루전에 시켰었는데 그때보다 덜 신선하네요,Four
맛 만족도 괜찮아요,Four
맛 만족도 보통이에요,Four
깻잎이 얼어서 와서 못먹구 버렸어요,Four
굿입니다 상태도 좋고 깻잎도 진하고,Four
오랫만에 맘에드는 깻잎을 받았어요,Four
연하지 않고 표면이 거칠었어요,Four
맛 만족도 보통이에요,Four
맛 만족도 괜찮아요,Four
맛 만족도 맛있어요,Four
맛 만족도 보통이에요,Four
깻잎이 싱싱하고 깻잎 향이 나서 좋아요,Four
맛 만족도 예상보다 맛있어요,Four
깻잎 색이 살짝 변해서 왔는데 맛은 좋았어요,Four
싱싱함 보통이에요,Four
깻잎이 싱싱하고 깻잎 향이 나서 좋아요,Four
맛 만족도 예상보다 맛있어요,Four
싱싱함 보통이에요,Four
싱싱하게 잘도착했어요,Four
맛 만족도 괜찮아요,Four
맛 만족도 괜찮아요,Four
싱싱하고 좋아요,Four
로켓프레시는 진심 짱입니다,Four
맛 만족도 맛있어요,Four
그 나머지는 너무 싱싱해요,Four
맛 만족도 맛있어요,Four
맛 만족도 괜찮아요,Four
맛 만족도 괜찮아요,Four
맛 만족도 괜찮아요,Four
맛 만족도 맛있어요,Four
맛 만족도 괜찮아요,Four
맛 만족도 괜찮아요,Four
맛 만족도 괜찮아요,Four
맛 만족도 괜찮아요,Four
맛 만족도 괜찮아요,Four
맛 만족도 맛있어요,Four
맛 만족도 괜찮아요,Four
무난해요,Four
맛 만족도 괜찮아요,Four
사이즈는 좀 작고요 뻣뻣해요 깻잎향은 좋아요,Four
먹을만 합니당,Four
맛 만족도 보통이에요,Four
맛 만족도 괜찮아요,Four
맛 만족도 괜찮아요,Four
싱싱해요,Four
맛 만족도 괜찮아요,Four
맛 만족도 괜찮아요,Four
맛 만족도 괜찮아요,Four
맛 만족도 괜찮아요,Four
적당한양에 괜찮은것 같아요 추천 합니다,Four
가격 맞추기용으로 구입,Four
뭔가 녹아서 왔다,Four
가격이 조금 아쉽노,Four
깻잎향이 진하고 씽씽하네요,Four
신선하네요,Four
맛 만족도 괜찮아요,Four
맛 만족도 괜찮아요,Four
좀 시들해요 가장자리가 물에 젖어서 퍼렇게 변함,Four
전반적으로 신선한 제품이 배달되었어요,Four
싱싱함 보통이에요,Four
곰곰 밀양 깻잎 저번에 주문했을땐 얼어서 배송와서 멀쩡한 깻잎이 하나도 없었는데 이번엔 상태 너무 좋았어요 로켓프레쉬로 배송받아서 먹었는데 깻잎도 너무 크고 싱싱해서 잘 먹었어요 평소에 깻잎향을 너무 좋아하는데요 깻잎부침개나 고기 싸먹을때 입안을 개운하게 해줘서 너무 좋아요 깻잎은 철분이 많은 채소로 유명한데요 일상생활에서 회에 싸먹거나 무침으로 먹거나 야채전 감자탕에 넣어 많이 먹잖아요 효능이 너무 좋다고합니다 당 약 의 철분이 들어있어서 만 섭취하여도 하루 권량의 철분을 채울수있다고 하네요 깻잎은 채소중에서도 철분 함유량이 많아 빈혈이 있는경우 섭취하게 되면 빈혈예방에도 효과적이라고 해요 피부미용에도 좋아서 탄력저하되고 푸석푸석한 피부의 노화방지에도 좋고 항산화 도움이 되는 비타민 성분이 풍부하여 피부재생과 피부미백 탄력에 도움을 준다고 합니다 칼슘성분이 풍부하여 섭취하게 되면 골다공증도 예방하게 되고 식이섬유 성분이 풍부하여 변비예방 장운동을 촉진하게 되어 좋다고 합니다 깻잎에는 독특한 향을 내게 되는 페릴케톤 성분은 세균의 증식을 억제하며 항균작용을 통해 식중독을 예방하게 되고 식물성 색소 종류인 플라보노이드 루테올린 성분이 있어서 체내 염증 완화 및 기침 콧물 등 증상을 완하하여 감기 예방 면역증진에도 효과적이라고 합니다 다들 깻잎 먹고 건강챙깁시다 이상 내돈내산이였습니다,Four
곰곰 인증 밀양 깻잎 팩 구매 일자 배송 일자 구매 일자 월 일 배송 일자 월 일 오전 시 이전에 구매해서 로켓 배송으로 당일 구매 당일 배송으로 받았습니다 포장 배송 정보 쿠팡 박스에 담겨 왔어요 파손 없이 안전하게 잘 도착했어요 원산지 국내산 사용 후기 중량에 깻잎이 장 들어 있구요 장만 조금 시들하고 장은 상태 양호했습니다 농산물 우수관리 인증을 받을 제품이라고 합니다 월남쌈 자주 해 먹는데 깻잎이 없으면 섭섭하죠 쿠팡에서 유독 깻잎 샀을 때 상태가 별루여서 한동안 구매 안 하다가 오랜만에 구매했는데 이번에는 실패 하지 않았네요 깻잎 향이 짙어서 월남쌈 싸 먹을 때마다 향긋함이 새어 나오더라구요 맛이 좋았어요 제품 특징 농산물 우수관리 인증 받은 제품 진한 향긋함이 일품 재구매 의사 급히 필요할 때 구매하면 좋을 것 같아요 내돈내산 리뷰였습니다 제 리뷰가 구매를 고민하는 분들에게 조금이라도 도움이 되었길 바랍니다 도움이 되신 분들은 아래의 도움이 돼요 버튼 꾸욱 눌러주세요,Four
구매일자 년 월 일 배송일자 년 월 일 상품명 곰곰 인증 밀양 깻잎 잎크기가 약간 작지만 싱싱하고 향이 센편이라 좋아요 포장도 박스포장이라 상하거나 상처난 곳 없이 깔끔하네요,Four
맛 만족도 맛있어요,Four
회사에 점심 도시락 싸 다니는 인 입니다 간단하게 먹으려고 꽁다리김밥 많이 싸는데 항상 신선하게 배송되어져 왔었는데 이번엔 한쪽이 상했더라구요 아무래도 배송중 얼음이랑 오래 접촉했었나봐요 새벽배송인데 전날 시 여분에 배송 완료 되었으니 밖에서 보냉백에 계속 시달렸으리라 짐작됩니다 저는 한쪽 뒤퉁이를 잘라 냈습니다 그리고 오늘 아침 싸고 먹고 있는데 싱싱하고 맛있어요 선도와 상관없이 배송중 일어난 사고 이긴 하지만 쿠팡측에서도 새벽배송이면 새벽에 배송되었음 좋겠어요 깻잎은 맛있었으나 별하나는 빼서 죄송하네요 그래도 꾸준히 구매할 예정이랍니다,Four
깻잎을 사면 얼어서 와서 쌈으로 못먹고 찌개에 넣어서 먹어 치웠는데 이제는 분리해서 종이 상자에 넣어서 와서 언 상태가 아닌 싱싱한 상태로 배송 되네요 깻잎도 고소하고 향긋하니 맛있어요 얼어서 오는 것 때문에 자주 안 시켰는더 이제는 걱정없이 주문 합니다,Four
자 정도는 상태가 안좋았고 나머진 좋았어요 크기는 큰편이고 맛은 평범합니다 그래도 이번에 깻잎 배송시 박스에 따로 넣어서와서 아이스때매 물른거없이 좋아요,Four
드라이 아이스에 가까이 둬서 얼은듯 하네요 이런걸 알면서 보내진 않았을테고 업체에선 택배 포장할때 조심하셔야 할듯요,Four
깻잎이 필요해서 오전에 급히 주문하고 당일오후 배송받았어요 정말 배송은 빠른듯요 깻잎은 신선하고 향도 향긋하고 좋았어요 근데 작은 깻잎 몇장에 저큰박스는 너무 낭비지 싶네요 작은박스나 다른 소포장이 좋을거같애요,Four
맛 만족도 맛있어요,Four
곰곰 깻잎 포장 상태 좋아서 또 시켰는데 다 다른가 봐요 이번에는 그냥 비닐로 왔네요 냉해 피해 입어서 박스에 넣어 오면 너무 좋아서 지난 번 박스 안에 이거 넣었어요 샐러드 먹을 때 깻잎 넣으니까 향이 좋아서 먹습니다 깻잎 단독으로 먹으면 매우 쓰더라고요 처음 안 사실 허허 잘 먹겠습니다,Four
다른 분들 리뷰에서 깻잎이 젖어있거나 아예 물러서 온 경우를 봤는데 저 역시 젖어서 왔지만 상단 첫장만 젖어있었습니다 예상컨데 로켓프레쉬를 도착 즉시 수령한 저는 덜 젖은 상태로 발견하게 되었고 여기서 조금이라도 수령이 늦어진 다른 분들은 허술한 포장 아이스팩 에 노출된 깻잎이 젖는 것 같습니다 도착 후 빠른 확인이 가능하신 분이면 나쁘지 않은 컨디션으로 수령하실 수 있으니 소량구매 필요하신 분이면 추천드립니다,Four
드라이 아이스에 가까이 둬서 얼은듯 하네요 이런걸 알면서 보내진 않았을테고 업체에선 택배 포장할때 조심하셔야 할듯요,Four
깻잎이 필요해서 오전에 급히 주문하고 당일오후 배송받았어요 정말 배송은 빠른듯요 깻잎은 신선하고 향도 향긋하고 좋았어요 근데 작은 깻잎 몇장에 저큰박스는 너무 낭비지 싶네요 작은박스나 다른 소포장이 좋을거같애요,Four
맛 만족도 맛있어요,Four
곰곰 깻잎 포장 상태 좋아서 또 시켰는데 다 다른가 봐요 이번에는 그냥 비닐로 왔네요 냉해 피해 입어서 박스에 넣어 오면 너무 좋아서 지난 번 박스 안에 이거 넣었어요 샐러드 먹을 때 깻잎 넣으니까 향이 좋아서 먹습니다 깻잎 단독으로 먹으면 매우 쓰더라고요 처음 안 사실 허허 잘 먹겠습니다,Four
다른 분들 리뷰에서 깻잎이 젖어있거나 아예 물러서 온 경우를 봤는데 저 역시 젖어서 왔지만 상단 첫장만 젖어있었습니다 예상컨데 로켓프레쉬를 도착 즉시 수령한 저는 덜 젖은 상태로 발견하게 되었고 여기서 조금이라도 수령이 늦어진 다른 분들은 허술한 포장 아이스팩 에 노출된 깻잎이 젖는 것 같습니다 도착 후 빠른 확인이 가능하신 분이면 나쁘지 않은 컨디션으로 수령하실 수 있으니 소량구매 필요하신 분이면 추천드립니다,Four
열심히 포장은 하셨는데 역시 정육이랑 같이 사면 저리 되나봐요,Four
맛 만족도 괜찮아요,Four
역시 쿠팡 배송 굿 상추상태도 좋고 늘 쿠팡에서만 야채 주문하는데 신선도가 좋네요,Four
김밥에항상넣는깻잎 평소사이즈보다 커요 장 정도 들어임네요 급할때이용하기 좋아요 근데 포장은 과대포장 깻잎에 비닐포장있는데 박스에 또 넣어져서 다시 시키기가 부담스러워요,Four
대형마트에서 장을 보면서 깻잎을 빠트려서 쿠팡에서 주문했는데 담날 밤 다되서 도착했더라구요 주꾸미랑 블루베리 언상태로 잘왔어요 콩나물과 깻잎은 다른 가방에 담아왔고 포장 과하다싶게 아이스팩 꽉 채우고 깻잎은 종이상자에 담겨져 왔어요 첨이에요 야채를 종이상자에 아마 얼수도 있어서인거 같은데 네 얼었어요,Four
맛 만족도 보통이에요,Four
박스에 소포장 한번 더 되서 오니 무르거나 상한게 없네요 싱싱하고 양도 적당해요,Four
일 주문 배송받음 포장 비닐포장후 플라스틱케이스포장까지 해 줘서 아이스팩으로 인해 물러지진게 없음 신선도 장정도 시들고 나머지는 괜찮음 전부 싱싱했으면 더할나위없이 좋았겠지만 무르거나 상한게 없는것만으로도 만족함,Four
새벽배송인줄 알았는데 저녁에 배송되서 왔어요 깻잎 포장이 너무 잘되서 와서 기대했는데 하나는 냉해를 살짝 입었더라구요 나머지 하나는 상태 좋았어요 새벽배송 받아서 바로 먹을거였어서 그냥 먹었네요,Four
가끔 저렇게 얼어서 다 짓무른 채로 와요 그래도 쿠팡 쓰는 이유는 교환이 빠르기 때문이죠 당일 아침에 배송 받아서 바로 교환 신청 했더니 오후에 배송됐어요 다시 받은 깻잎은 아주 멀쩡해요,Four
싱싱한 깻잎이 종이박스에 넣어 배송되었음에도 불구하고 아이스팩때문에 깻잎이 일부 얼어서 왔네요,Four
얼었다 녹은듯해요 배송때 발견됐을듯한데 흠 소비자입장에선 아쉬워오 조금 버리고 걍 찌게에 넣어먹었어요 내돈내산 후기입니다,Four
이번주채소들은 비싸긴하지만 다상태도좋고 싱싱한상태로왔어요,Four
처음 배송받았을 때 날이 추워서 그런건지 쿠팡박스가 추워서 그런건지 상태가 안 좋았어요 그래서 바로 교환요청하고 저녁에 받았는데 날씨가 문제인게 맞는지 아니면 상태 확인을 안 하고 보내시는건지 모르겠네요 교환 받은거엔 아이스팩 없이 받았는데도 비슷한 상태에요 곰곰제품 실패한적이 없는데 추워지면 깻잎은 마트에서 사야되나 싶어요,Four
싱싱하지만 얼었다 녹아서 까매 졌어요 다른 건 싱싱 합니다 야채는 포장할때 이런거에 신경 써야 할 듯 얼음에 너무 많이 노출이 된 듯,Four
배송 받자마자 세척하는데 상한것이 몇개정도 있었어요 계네들 버리고 나머지 담았어요 상한것 없이 배송오면 좋겠습니다,Four
깻잎은 처음 시켜보는거 같은데 마트보다 저렴하게 잘샀어요 포장은 깻잎이 눌릴까봐 그런건지 박스안에 담겨서 왔어요 덕분에 모양 변형없이 싱싱하게 잘 왔어요,Four
맛 만족도 맛있어요,Four
배송되어 맘에 들었음 그럼에도 불구하고 일부 얼어있음,Four
평소에 계란이랑 야채를 쿠팡브랜드에서 많이 시켜먹는데 이전에 몇번시킨 계란도 그렇고 오늘 시킨 깻잎도 상태가 안좋은게 왔네요 배송이 빠른건 좋지만 이런것도 좀 신경써서 보내줬으면 좋겠어요,Four
이번엔 상태 좋은걸로 받았는데 까먹고 받은 당일과 다음날 못먹고 일후에 먹어서 상태가 더 좋은상태로 못먹었으나 그래도 일후에 먹었어도 큰변질은 없었고 잘 먹었습니다 감사해요 그래도 처음부터 상태 안좋은걸로 받았다면 일후에 먹을때 많이 안좋았을텐데 그나마 처음받을때 싱싱한걸로 잘 받아서 일 후에도 좀 그나마 끄떡 없었던걸로 보입니다,Four
을 급히 김밥쌀때 사용하려고 빠른배송 받았어요 감사합니다,Four
깻잎은 싱싱한 데 배송 과정에서 얼름팩 포장에 살짝 얼어서 배송 되었습니다,Four
쿠팡 채소가 싱싱하고 저렴해서 자주 시키는데 포장된 고기 아이스팩 위에 올려져 있어서 몇장 얼었어요 속상하네요 제발 포장 신경 써 주세요,Four
맛 만족도 맛있어요,Four
아이스팩에 배송이 오다보니 차가운 부분이 닿은곳은 살짝 얼었어요,Four
맛 만족도 보통이에요,Four
깻잎은 싱싱하고 좋은데 매번 배송과정에서 얼음테러를 당해서 얼어서 상하는 일이 생겨요 사진처럼 왼쪽 봉지에 든 깻잎 장 얼어서 버렸어요 썩 기분이 좋진 않았어요,Four
맛 만족도 예상보다 맛있어요,Four
깻잎은 로켓프레시로 새벽배송 빨라서좋아요 싱싱하네요 그런데 아이스팩때문인지 은 이렇게시들해졋어용,Four
야채를 자주 쿠팡으로 시켜먹습니다 로켓프레시 배송 맞추려도 자주시키는데 항상 신선했는데 요번꺼만 끝부븐이 조금 물러서 왓어요,Four
맛 만족도 괜찮아요,Four
꼭지 부분을 보니 신선도가 좀 떨어지고 잎이 큰게 장 들어 있네요 포장 잘 해주셔서 얼지 않고 배송 받았구요,Four
싱싱함 예상보다 안 싱싱해요,Four
비닐위에 또 포장을 해서인지 짓무르지않고 잘 도착했어요,Four
맛 만족도 보통이에요,Four
친정에 있으면서 시킨거라 엄마가 귀찮으시다고 걍 드시겠다네요,Four
깻잎 이파리가 전반적으로 반정도 얼어서 왔어요 날씨도 선선하고 로켓 프레시라 굳이 프레시백 여는 순간 냉기가 확 와닿습니다,Four
맛 만족도 괜찮아요,Four
배송 온대로 냉장고에 넣어뒀더니 그 안에 습기 찬거 때문에 변색 되었다는 다행히 조리해서 먹어서 맛에는 문제 없었습니다,Four
자주 사먹는 깻잎인데 요즘 자꾸 검게 짓물러서 택배가 와요 교환신청 하면 새상품으로 보내주시지만 상품 관리 잘 부탁드립니다,Four
맛 만족도 괜찮아요,Four
떡하니 바로 위에 잎이 삵았는디 보내시네영 품질관리 좀 해주세요,Four
감사합니다,Four
맛 만족도 괜찮아요,Four
물러서 오지않고 신선하게 잘 왔네요,Four
맛 만족도 괜찮아요,Four
싱싱함 예상보다 안 싱싱해요,Four
맛 만족도 맛있어요,Four
감사합니다,Four
맛 만족도 괜찮아요,Four
물러서 오지않고 신선하게 잘 왔네요,Four
맛 만족도 괜찮아요,Four
싱싱함 예상보다 안 싱싱해요,Four
맛 만족도 맛있어요,Four
맛 만족도 맛있어요,Four
싱싱하고 맛있네요 빠른배송 감사합니다,Four
맛 만족도 맛있어요,Four
맛 만족도 괜찮아요,Four
잘받았습니다 감사합니다,Four
깻잎이 신선하고 맛있어요,Four
잘먹을게요 번창하세요,Four
잘먹을게요 번창하세요,Four
잘먹을게요 번창하세요,Four
싱싱해요,Four
맛 만족도 보통이에요,Four
인 가구인지라 로켓배송으로 야채 배송 애용하는 편인데요 전반적으로 항상 싱싱해서 믿고 구매하고 있습니다,Four
맛 만족도 보통이에요,Four
빠른배송감사힙니다,Four
맛 만족도 예상보다 맛있어요,Four
쿠팡 주문건이 있어 함께 주문합니다 생각보다 비싼편이긴 합니다 몇장 안들어 있는데 원 준듯 합니다 김밥 쌀까하고 주문했는데 받고보니 넘 적구나 싶었어요 장점은 깻잎이 연했어요 요즘 상추랑 깻잎등이 넘 질긴 느낌이라 걱정된 부분이었는데 좋더라구요,Four
맛 만족도 보통이에요,Four
맛 만족도 맛있어요,Four
맛 만족도 맛있어요,Four
맛 만족도 맛있어요,Four
맛 만족도 보통이에요,Four
맛 만족도 보통이에요,Four
맛 만족도 보통이에요,Four
맛 만족도 맛있어요,Four
맛 만족도 괜찮아요,Four
맛 만족도 보통이에요,Four
맛 만족도 맛있어요,Four
맛 만족도 맛있어요,Four
맛 만족도 맛있어요,Four
맛 만족도 맛있어요,Four
맛 만족도 맛있어요,Four
맛 만족도 맛있어요,Four
맛 만족도 맛있어요,Four
맛 만족도 보통이에요,Four
맛 만족도 맛있어요,Four
맛 만족도 맛있어요,Four
맛 만족도 보통이에요,Four
맛 만족도 보통이에요,Four
맛 만족도 맛있어요,Four
맛 만족도 보통이에요,Four
맛 만족도 보통이에요,Four
맛 만족도 보통이에요,Four
맛 만족도 맛있어요,Four
싱싱함 보통이에요,Four
싱싱함 보통이에요,Four
맛 만족도 맛있어요,Four
맛 만족도 보통이에요,Four
맛 만족도 맛있어요,Four
맛 만족도 보통이에요,Four
맛 만족도 보통이에요,Four
맛 만족도 보통이에요,Four
맛 만족도 보통이에요,Four
맛 만족도 보통이에요,Four
